-------- .
0014---- 1
001400-- 1
00140000 1
00140001 1
00140002 1
00140003 1
00140004 1
00140005 1
00140007 1
00140008 1
001401-- 1
00140100 1
00140101 1
00140102 1
00140103 1
00140104 1
00140105 1
00140106 1
00140107 1
00140108 1
00140109 1
00140110 1
001402-- 1
00140200 1
00140201 1
00140202 1
00140203 1
001403-- 1
00140301 1
00140302 1
00140303 3
00140304 3
001404-- 1
00140400 1
00140401 1
00140402 1
00140403 1
00140404 1
001405-- 1
00140500 1
00140501 1
00140503 1
00140504 1
00140505 1
00140506 1
00140507 1
00140508 1
00140509 1
00140510 1
00140511 1
00140512 3
00140513 3
001406-- 1
00140600 1
00140601 1
00140602 1
00140603 1
00140604 1
00140605 1
00140606 1
001407-- 1
00140700 1
00140701 1
00140702 1
00140703 1
00140704 1
00140705 1
001408-- 3
00140800 3
00140801 1
00140802 3
00140803 3
00140804 1
00140805 1
00140806 3
00140809 1
00140810 1
00140811 1
00140812 1
001409-- 3
00140900 3
00140901 1
00140902 1
00140903 1
00140904 1
00140905 1
00140906 3
00140907 3
00140908 1
00140909 1
00140910 3
001410-- 1
00141000 1
00141001 1
00141002 1
00141003 1
00141004 1
00141005 1
001411-- 1
00141100 1
00141101 1
00141102 1
00141103 1
00141104 1
00141105 1
00141106 1
00141107 1
001412-- 1
00141200 1
00141201 1
00141202 1
00141205 1
00141206 1
00141207 1
00141208 1
00141209 1
00141210 1
00141211 1
00141212 3
00141213 3
00141214 3
00141215 3
00141216 3
00141217 3
001413-- 1
00141301 3
00141302 1
00141303 3
00141304 3
00141305 3
001414-- 1
00141400 1
00141401 1
00141402 1
00141403 1
00141404 1
00141405 1
00141406 1
001415-- 1
00141500 1
00141501 1
00141502 1
00141503 1
00141504 1
00141505 1
00141506 1
001416-- 1
00141600 1
00141601 1
00141602 1
00141603 1
00141604 1
00141605 1
001417-- 1
00141700 1
00141701 1
00141702 1
00141703 1
00141704 1
00141705 1
00141706 1
00141707 1
00141708 1
00141709 1
00141710 1
001418-- 1
00141800 1
00141801 1
00141802 1
00141803 1
001419-- 1
00141900 1
00141901 1
00141902 1
00141903 1
00141904 1
00141905 1
00141906 1
00141907 1
00141908 1
00141909 1
0034---- 1
003401-- 1
00340101 1
00340102 1
003402-- 1
00340201 1
00340202 1
00340203 1
00340204 1
00340205 1
003403-- 1
00340301 1
00340302 1
00340303 1
00340304 1
003404-- 1
00340401 1
00340402 1
00340403 1
003405-- 1
00340501 1
00340502 1
00340503 1
00340504 1
003406-- 1
00340601 1
00340602 1
00340603 1
00340604 1
00340605 1
00340606 1
003407-- 1
00340701 1
00340702 1
00340703 1
00340704 1
003408-- 1
00340801 1
00340802 1
00340803 1
003409-- 1
00340901 1
00340902 1
003410-- 1
00341001 1
00341002 1
00341003 1
003411-- 1
00341101 1
00341102 1
003414-- 1
00341401 1
003415-- 1
00341501 1
003416-- 1
00341601 1
00341602 1
003417-- 1
00341701 1
00341702 1
00341703 1
00341704 1
00341705 1
003418-- 1
00341801 1
00341802 1
00341803 1
00341804 1
00341805 1
00341806 1
00341807 1
00341808 1
003419-- 1
00341901 1
00341902 1
00341903 1
00341904 1
003420-- 1
00342001 1
00342002 1
00342003 1
00342004 1
00342005 1
003421-- 1
00342101 1
00342102 1
00342103 1
003422-- 1
00342201 1
00342202 1
00342203 1
00342204 1
00342205 1
00342206 1
003423-- 1
00342301 1
00342302 1
00342303 1
00342304 1
003424-- 1
00342401 1
00342402 1
00342403 1
00342404 1
00342405 1
00342406 1
00342407 1
00342408 1
003425-- 1
00342501 1
00342502 1
00342503 1
003426-- 1
00342601 1
00342602 1
00342603 1
00342604 1
00342605 1
00342606 1
00342607 1
00342608 1
00342609 1
003427-- 1
00342701 1
00342702 1
00342703 1
00342704 1
00342705 1
00342706 1
00342707 1
00342708 1
003428-- 1
00342801 1
00342802 1
00342803 1
00342804 1
00342805 1
00342806 1
00342807 1
00342808 1
00342809 1
00342810 1
003429-- 1
00342901 1
00342902 1
00342903 1
00342904 1
003430-- 1
00343001 1
00343002 1
00343003 1
00343004 1
00343005 1
00343006 1
00343007 1
003431-- 1
00343101 1
00343102 1
00343103 1
00343104 1
00343105 1
003432-- 1
00343201 1
003434-- 1
00343401 1
00343402 1
00343403 1
003435-- 1
00343501 1
00343502 1
003436-- 1
00343601 1
003437-- 1
00343701 1
00343702 1
003438-- 1
00343801 1
00343802 1
003439-- 1
00343901 1
00343902 1
00343903 1
003440-- 1
00344001 1
00344002 1
00344003 1
003441-- 1
00344101 1
00344102 1
003442-- 1
00344201 1
00344202 1
00344203 1
00344204 1
003443-- 1
00344301 1
00344302 1
00344303 1
00344304 1
003444-- 1
00344401 1
00344402 1
00344403 1
003445-- 1
00344501 1
00344502 1
00344503 1
00344504 1
00344505 1
003446-- 1
00344601 1
00344602 1
00344603 1
003447-- 1
00344701 1
00344702 1
00344703 1
00344704 1
003448-- 1
00344801 1
00344802 1
00344803 1
00344804 1
003449-- 1
00344901 1
00344902 1
00344903 1
00344904 1
003450-- 1
00345001 1
00345002 1
003451-- 1
00345101 1
00345102 1
00345103 1
00345104 1
00345105 1
003452-- 1
00345201 1
00345202 1
00345203 1
00345204 1
00345205 1
00345206 1
00345207 1
003453-- 1
00345301 1
00345302 1
003456-- 1
00345601 1
00345602 1
003457-- 1
00345701 1
00345702 1
003458-- 1
00345801 1
003459-- 1
00345901 1
00345902 1
003460-- 1
00346001 1
003461-- 1
00346101 1
00346102 1
00346103 1
003462-- 1
00346201 1
00346202 1
003463-- 1
00346301 1
00346302 1
00346303 1
00346304 1
003464-- 1
00346401 1
003465-- 1
00346501 1
003466-- 1
00346601 1
00346602 1
003471-- 1
00347101 1
003472-- 1
00347201 1
003473-- 1
00347301 1
003474-- 1
00347401 1
00347402 1
003475-- 1
00347501 1
00347502 1
00347503 1
00347504 1
003476-- 1
00347601 1
00347602 1
00347603 1
00347604 1
003477-- 1
00347701 1
00347702 1
00347703 1
003479-- 1
00347901 1
003485-- 1
00348501 1
00348502 1
003496-- 1
00349615 1
0037---- 1
003701-- 1
00370100 1
00370101 1
00370102 1
00370103 1
00370104 1
00370105 1
00370106 1
00370107 1
00370108 1
00370109 1
00370110 1
00370111 1
00370112 1
003702-- 1
00370200 1
00370201 1
00370202 1
00370203 1
003703-- 1
00370300 1
00370301 1
00370308 1
00370309 1
003704-- 1
00370400 1
00370401 1
00370402 1
00370409 1
003705-- 1
00370500 1
00370509 1
0047---- 1
004700-- 1
00470000 1
00470001 1
00470002 1
00470003 1
00470004 1
00470005 1
00470006 1
00470007 1
004701-- 1
00470100 1
00470101 1
00470102 1
00470109 1
004702-- 1
00470200 1
00470201 1
00470202 1
00470203 1
00470209 1
0050---- 1
005000-- 1
00500000 1
00500001 1
00500002 1
00500003 1
00500004 1
00500005 1
00500006 1
00500007 1
00500008 1
00500009 1
00500010 1
0059---- 1
005900-- 1
00590000 1
00590001 1
00590002 1
00590003 1
00590004 1
00590005 1
00590006 1
00590007 1
00590008 1
00590009 1
005901-- 1
00590100 1
00590102 1
00590103 1
00590107 1
00590108 1
00590109 1
005902-- 1
00590200 1
00590201 1
00590202 1
00590203 1
00590206 1
00590207 1
00590208 1
00590209 1
0060---- 1
006000-- 1
00600000 1
00600001 1
00600002 1
00600003 1
00600007 1
00600008 1
00600009 1
0072---- 1
007200-- 1
00720001 1
00720002 1
00720003 1
00720004 1
00720005 1
00720006 1
00720007 1
00720009 1
007201-- 1
00720100 1
00720109 1
007202-- 1
00720200 1
00720209 1
0074---- 1
007401-- 1
00740100 1
00740101 1
00740102 1
00740103 1
00740104 1
00740105 1
00740106 1
00740107 1
00740108 1
00740109 1
00740110 1
007402-- 1
00740201 1
00740202 1
00740203 1
00740204 1
00740205 1
007403-- 1
00740301 1
00740302 1
007404-- 1
00740401 1
00740402 1
00740403 1
00740404 1
00740405 1
00740406 1
00740407 1
007406-- 1
00740601 1
007407-- 1
00740701 1
00740702 1
007409-- 1
00740901 1
00740902 1
00740903 1
0080---- 1
008010-- 3
00801001 1
00801002 1
00801003 1
00801004 1
00801005 1
00801006 1
00801007 1
00801008 3
008011-- 1
00801101 1
00801102 1
00801103 1
00801104 1
00801105 1
00801106 1
00801107 1
00801108 1
00801109 1
008020-- 1
00802001 1
00802002 1
00802003 1
00802004 1
00802005 1
00802006 1
00802007 1
00802008 1
00802009 1
008030-- 1
00803001 1
00803002 1
00803003 1
00803004 1
00803005 1
00803006 1
00803007 1
008031-- 3
00803101 1
00803102 3
008032-- 3
00803201 1
00803202 1
00803203 1
00803204 3
008040-- 1
00804001 1
00804002 1
00804003 1
00804004 1
008041-- 3
00804101 1
00804102 3
00804103 1
00804104 1
00804105 1
00804106 1
00804107 1
00804108 1
00804109 1
00804110 1
008050-- 1
00805001 1
00805002 1
00805003 1
008051-- 1
00805101 1
00805102 1
00805103 1
00805104 1
00805105 1
008060-- 1
00806001 1
00806002 1
00806003 1
008061-- 1
00806101 1
00806102 1
008062-- 1
00806201 1
00806202 1
00806203 1
00806204 1
00806205 1
00806206 1
00806207 1
00806208 1
00806209 1
00806210 1
008063-- 1
00806301 1
00806302 1
00806303 1
00806304 1
00806305 1
00806306 1
00806307 1
008070-- 1
00807001 1
00807002 1
00807003 1
00807004 1
008071-- 1
00807101 1
008072-- 1
00807201 1
00807202 1
00807203 1
008073-- 1
00807301 1
00807302 1
00807303 1
00807304 3
00807305 1
00807306 3
008074-- 1
00807401 3
00807402 1
00807403 3
00807404 3
00807405 3
008080-- 1
00808001 1
00808002 1
00808003 1
00808004 1
00808005 1
00808006 1
00808007 1
00808008 1
008081-- 1
00808101 1
00808102 1
00808103 1
00808104 1
00808105 1
00808106 1
00808107 1
00808108 1
00808109 1
00808110 1
00808111 1
00808112 1
00808113 1
00808114 1
00808115 1
00808116 1
00808117 1
008082-- 1
00808201 1
00808202 1
00808203 1
00808204 1
00808205 1
00808206 1
00808207 1
00808208 1
00808209 1
0085---- 1
008501-- 1
00850101 1
00850102 1
00850103 1
00850104 1
00850105 1
00850106 1
00850107 1
00850108 1
00850109 1
00850110 1
00850111 1
008502-- 1
00850201 1
00850202 1
00850203 1
008503-- 1
00850301 1
00850302 1
008504-- 1
00850401 1
00850402 1
008505-- 1
00850501 1
00850502 1
008506-- 1
00850601 1
00850602 1
00850603 1
00850604 1
00850605 1
00850606 1
00850607 1
00850608 1
008507-- 1
00850701 1
00850702 1
008508-- 1
00850801 1
00850802 1
008509-- 1
00850901 1
00850902 1
008510-- 1
00851001 1
00851002 1
00851003 1
008511-- 1
00851101 1
00851102 1
00851103 1
00851104 1
00851105 1
00851106 1
00851107 1
00851108 1
00851109 1
00851110 1
00851111 1
00851112 1
00851113 1
00851114 1
00851115 1
00851116 1
00851117 1
00851118 1
008512-- 1
00851201 1
00851202 1
008513-- 1
00851301 1
00851302 1
0086---- 1
008601-- 1
00860101 1
00860102 1
00860103 1
008602-- 1
00860201 1
00860202 1
00860203 1
00860204 1
00860205 1
00860206 1
00860207 1
00860208 1
00860209 1
008604-- 1
00860401 1
00860402 1
008605-- 1
00860501 1
00860502 1
00860503 1
00860504 1
00860505 1
00860506 1
00860507 1
00860508 1
008606-- 1
00860601 1
00860602 1
008607-- 1
00860701 1
00860702 1
008608-- 1
00860801 1
00860802 1
008609-- 1
00860901 1
00860902 1
008610-- 1
00861001 1
00861002 1
008611-- 1
00861101 1
00861102 1
008613-- 1
00861301 1
00861302 1
008614-- 1
00861401 1
00861402 1
008615-- 1
00861501 1
00861502 1
008616-- 1
00861601 1
00861602 1
00861603 1
00861604 1
00861605 1
00861606 1
00861607 1
008617-- 1
00861701 1
00861702 1
00861703 1
0088---- 1
008800-- 1
00880000 1
00880009 1
0090---- 1
009001-- 1
00900101 1
009002-- 1
00900201 1
00900202 1
00900203 1
00900204 1
00900205 1
00900206 1
009003-- 1
00900301 1
00900302 1
00900303 1
00900304 1
009004-- 1
00900401 1
00900402 1
00900403 1
00900404 1
00900405 1
00900406 1
009005-- 1
00900501 1
00900502 1
009006-- 1
00900601 1
00900602 1
00900603 1
009007-- 1
00900701 1
00900702 1
00900703 1
00900704 1
00900705 1
00900706 1
009008-- 1
00900801 1
00900802 1
00900803 1
009009-- 1
00900901 1
00900902 1
00900903 1
00900904 1
009010-- 1
00901001 1
00901002 1
00901003 1
00901004 1
009011-- 1
00901101 1
009012-- 1
00901201 1
00901202 1
009013-- 1
00901301 1
00901302 1
00901303 1
009021-- 1
00902104 1
00902105 1
00902109 1
00902110 1
00902114 1
009022-- 1
00902201 1
00902202 1
00902203 1
00902206 1
00902212 1
00902213 1
00902215 1
00902216 1
009023-- 1
00902307 1
00902308 1
00902311 1
0093---- 1
009300-- 1
00930000 1
00930002 1
009301-- 1
00930110 1
00930111 1
00930112 1
009302-- 1
00930213 1
00930214 1
00930215 1
009303-- 1
00930316 1
00930317 1
009304-- 1
00930418 1
00930419 1
00930420 1
009305-- 1
00930521 1
00930522 1
00930523 1
0096---- 1
009600-- 1
00960000 1
00960009 1
0098---- 1
009800-- 1
00980001 1
00980002 1
00980003 1
00980004 1
00980005 1
00980006 1
00980007 1
00980008 1
00980009 1
00980010 1
00980011 1
00980012 1
00980013 1
00980014 1
00980015 1
00980016 1
00980017 1
00980018 1
00980019 1
00980020 1
00980021 1
009801-- 1
00980101 1
00980102 1
00980103 1
00980104 1
009802-- 1
00980201 1
00980202 1
009803-- 1
00980301 1
00980302 1
00980303 1
00980304 1
00980305 1
009804-- 1
00980401 1
00980402 1
00980403 1
009805-- 1
00980501 1
00980502 1
009806-- 1
00980601 1
00980602 1
009807-- 1
00980701 1
00980702 1
009808-- 1
00980801 1
00980802 1
009809-- 1
00980901 1
00980902 1
00980903 1
009810-- 1
00981001 1
00981002 1
00981003 1
00981004 1
00981005 1
00981006 1
00981007 1
00981008 1
00981009 1
009811-- 1
00981101 1
00981102 1
009812-- 1
00981201 1
009813-- 1
00981301 1
00981302 1
009814-- 1
00981401 1
00981402 1
009815-- 1
00981501 1
00981502 1
0106---- 1
010600-- 1
01060000 1
01060001 1
01060002 1
01060003 1
01060004 1
01060005 1
01060006 1
01060007 1
01060008 1
01060009 1
01060010 1
01060011 1
01060012 1
010601-- 1
01060100 1
01060101 1
01060102 1
01060103 1
01060104 1
01060105 1
010602-- 1
01060200 1
01060201 1
01060202 1
01060203 1
01060204 1
01060205 1
010603-- 1
01060302 1
01060303 1
01060304 1
01060305 1
01060306 1
01060307 1
01060308 1
01060309 1
01060310 1
01060311 1
010604-- 1
01060400 1
01060401 1
01060402 1
01060403 1
010605-- 1
01060500 1
01060501 1
01060502 1
01060503 1
01060504 1
01060505 1
01060506 1
01060507 1
01060508 1
01060509 1
010606-- 1
01060600 1
01060601 1
01060602 1
01060603 1
01060604 1
010607-- 1
01060700 1
01060701 1
01060702 1
01060703 1
01060704 1
01060705 1
01060706 1
01060707 1
01060708 1
01060709 1
01060710 1
01060711 1
01060712 1
01060713 1
01060714 1
01060715 1
01060716 1
01060717 1
010608-- 1
01060800 1
01060801 1
01060802 1
01060803 1
01060804 1
01060805 1
01060806 1
01060807 1
01060808 1
01060809 1
01060810 1
01060811 1
01060812 1
01060813 1
01060815 1
01060816 1
01060817 1
01060899 1
010699-- 1
01069900 1
01069901 1
01069902 1
01069903 1
01069904 1
01069905 1
01069906 1
01069907 1
01069908 1
01069909 1
01069910 1
01069911 1
01069912 1
01069913 1
01069914 1
01069915 1
01069916 1
01069917 1
01069918 1
0109---- 1
010910-- 1
01091000 1
01091001 1
01091002 1
01091003 1
01091004 1
01091006 1
01091007 1
01091008 1
01091009 1
01091010 1
01091011 1
01091012 1
01091013 1
01091014 1
01091015 1
010911-- 1
01091116 1
01091117 1
010912-- 1
01091218 1
01091219 1
010913-- 1
01091320 1
010914-- 1
01091421 1
010920-- 1
01092022 1
01092023 1
01092024 1
01092025 1
01092026 1
01092027 1
01092028 1
01092029 1
01092030 1
01092031 1
010930-- 1
01093032 1
01093033 1
01093034 1
01093035 1
01093036 1
01093037 1
01093038 1
01093039 1
01093068 1
010940-- 1
01094040 1
01094041 1
01094042 1
01094043 1
01094044 1
01094045 1
01094046 1
01094047 1
01094048 1
01094049 1
01094050 1
01094051 1
01094052 1
01094053 1
01094054 1
01094055 1
01094056 1
01094057 1
010950-- 1
01095058 1
01095059 1
01095060 1
01095061 1
01095062 1
01095063 1
01095064 1
01095065 1
01095066 1
01095067 1
0114---- 1
011401-- 1
01140100 1
01140101 1
01140102 1
01140103 1
01140104 1
01140106 1
01140109 1
011402-- 1
01140200 1
01140206 1
01140208 1
01140209 1
011403-- 1
01140300 1
01140301 1
01140302 1
01140303 1
01140304 1
01140309 1
011404-- 1
01140400 1
01140401 1
01140402 1
01140408 1
01140409 1
011405-- 1
01140500 1
01140502 1
01140503 1
01140504 1
01140509 1
011406-- 1
01140600 1
01140601 1
01140608 1
01140609 1
011407-- 1
01140700 1
01140701 1
01140702 1
01140707 1
01140708 1
01140709 1
011408-- 1
01140800 1
01140801 1
01140802 1
01140803 1
01140804 1
01140806 1
01140807 1
01140809 1
011409-- 1
01140900 1
01140901 1
01140909 1
011410-- 1
01141000 1
01141001 1
01141002 1
01141003 1
01141004 1
01141009 1
011413-- 1
01141300 1
01141308 1
01141309 1
011421-- 1
01142100 1
01142101 1
01142102 1
01142109 1
011432-- 1
01143200 1
01143201 1
01143209 1
011440-- 1
01144000 1
011441-- 1
01144100 1
01144101 1
011442-- 1
01144200 1
011443-- 1
01144300 1
011444-- 1
01144400 1
011445-- 1
01144500 1
011446-- 1
01144600 1
011447-- 1
01144700 1
011448-- 1
01144800 1
011449-- 1
01144900 1
011450-- 1
01145000 1
011451-- 1
01145100 1
01145101 1
01145109 1
011452-- 1
01145200 1
01145201 1
011453-- 1
01145300 1
01145301 1
0118---- 1
011850-- 1
01185000 1
01185001 1
01185002 1
01185003 1
01185004 1
01185005 1
01185006 1
01185007 1
01185008 1
011851-- 1
01185100 1
01185101 1
01185102 1
01185103 1
01185104 1
01185105 1
01185106 1
01185107 1
01185108 1
01185109 1
011852-- 1
01185200 1
01185201 1
011853-- 1
01185300 1
01185301 1
01185302 1
011854-- 1
01185400 1
01185401 1
01185402 1
011855-- 1
01185500 1
01185501 1
011856-- 1
01185600 1
01185601 1
011857-- 1
01185700 1
01185701 1
011858-- 1
01185800 1
01185801 1
011859-- 1
01185900 1
01185901 1
011860-- 1
01186000 1
01186001 1
01186002 1
01186003 1
011861-- 1
01186100 1
011862-- 1
01186201 1
01186202 1
01186203 1
01186204 1
01186205 1
01186206 1
0119---- 1
011900-- 1
01190000 1
01190001 1
01190002 1
011901-- 1
01190100 1
01190101 1
011902-- 1
01190200 1
01190201 1
01190202 1
011903-- 1
01190300 1
01190301 1
01190302 1
01190303 1
011904-- 1
01190400 1
01190401 1
011905-- 1
01190500 1
01190501 1
011906-- 1
01190600 1
01190601 1
01190602 1
01190603 1
011907-- 1
01190700 1
01190701 1
011908-- 1
01190800 1
011909-- 1
01190900 1
01190901 1
011910-- 1
01191000 1
01191001 1
01191002 1
01191003 1
01191004 1
011911-- 1
01191100 1
01191101 1
01191102 1
011912-- 1
01191200 1
01191201 1
01191202 1
01191203 1
01191204 1
01191205 1
01191206 1
01191207 1
01191208 1
01191209 1
011913-- 1
01191300 1
01191301 1
01191302 1
0141---- 1
014110-- 1
01411000 1
01411001 1
01411002 1
01411003 1
014111-- 1
01411100 1
01411101 1
01411102 1
01411103 1
01411104 1
01411105 1
01411109 1
014112-- 1
01411200 1
01411201 1
01411202 1
01411203 1
01411204 1
01411205 1
01411206 1
01411209 1
014113-- 1
01411300 1
01411301 1
01411302 1
01411303 1
01411304 1
01411305 1
01411309 1
014114-- 1
01411400 1
01411401 1
01411402 1
01411403 1
01411404 1
01411405 1
01411406 1
01411409 1
014115-- 1
01411500 1
01411501 1
01411502 1
014116-- 1
01411600 1
01411601 1
01411602 1
01411603 1
01411604 1
01411605 1
014117-- 1
01411700 1
01411701 1
01411702 1
01411703 1
01411709 1
014118-- 1
01411800 1
01411801 1
01411802 1
01411803 1
01411804 1
01411805 1
01411806 1
014119-- 1
01411900 1
01411901 1
01411902 1
01411903 1
01411904 1
01411905 1
01411906 1
01411907 1
01411908 1
01411909 1
01411910 1
01411920 1
014120-- 1
01412000 1
01412001 1
014121-- 1
01412100 1
01412109 1
0147---- 1
014700-- 1
01470000 1
01470001 1
01470002 1
01470003 1
01470004 1
01470005 1
01470006 1
01470007 1
01470008 1
01470009 1
014701-- 1
01470100 1
01470101 1
01470102 1
01470105 1
01470106 1
0148---- 1
014801-- 1
01480101 1
01480102 1
01480103 1
01480104 1
01480105 1
01480106 1
01480107 1
01480108 1
01480109 1
01480110 1
01480111 1
01480112 1
01480113 1
01480114 1
01480115 1
01480116 1
01480117 1
01480118 1
01480119 1
014802-- 1
01480201 1
01480202 1
01480203 1
01480204 1
01480205 1
01480206 1
01480207 1
01480208 1
01480209 1
01480210 1
01480211 1
014803-- 1
01480301 1
01480302 1
01480303 1
01480304 1
01480305 1
01480306 1
0150---- 1
015001-- 1
01500101 1
01500102 1
01500103 1
01500104 1
01500105 1
01500106 1
01500107 1
015002-- 1
01500201 1
015003-- 1
01500301 1
01500302 1
01500303 1
01500304 1
01500305 1
01500306 1
015004-- 1
01500401 1
01500402 1
01500403 1
01500404 1
01500405 1
01500406 1
01500407 1
015005-- 1
01500501 1
01500502 1
015006-- 1
01500601 1
01500602 1
01500603 1
01500604 1
01500605 1
01500606 1
015007-- 1
01500701 1
01500702 1
01500703 1
01500704 1
01500705 1
01500706 1
015008-- 1
01500801 1
01500802 1
01500803 1
015009-- 1
01500901 1
01500902 1
01500903 1
01500904 1
01500905 1
01500906 1
01500907 1
015010-- 1
01501001 1
01501002 1
01501003 1
01501004 1
01501005 1
01501006 1
01501007 1
01501008 1
01501009 1
01501010 1
015011-- 1
01501101 1
01501102 1
01501103 1
015012-- 1
01501201 1
01501202 1
015013-- 1
01501301 1
015014-- 1
01501401 1
01501402 1
01501403 1
015015-- 1
01501501 1
01501502 1
01501503 1
01501504 1
01501505 1
0153---- 1
015300-- 1
01530000 1
01530001 1
01530002 1
01530003 1
01530004 1
01530005 1
01530006 1
01530007 1
01530008 1
015301-- 1
01530100 1
01530101 1
01530102 1
01530103 1
01530104 1
01530105 1
01530106 1
015302-- 1
01530200 1
01530201 1
01530202 1
01530203 1
01530204 1
01530205 1
01530206 1
01530207 1
01530208 1
015303-- 1
01530300 1
01530301 1
015304-- 1
01530400 1
01530401 1
01530402 1
01530403 1
01530404 1
01530405 1
01530406 1
015305-- 1
01530500 1
01530501 1
01530502 1
01530503 1
015306-- 1
01530600 1
01530601 1
01530602 1
01530603 1
01530604 1
01530605 1
01530606 1
01530607 1
01530608 1
01530609 1
015307-- 1
01530700 1
01530701 1
01530702 1
01530703 1
015308-- 1
01530800 1
01530801 1
01530802 1
01530803 1
01530804 1
01530805 1
01530806 1
01530807 1
01530808 1
015309-- 1
01530900 1
01530901 1
01530902 1
01530903 1
01530904 1
01530905 1
01530906 1
01530907 1
01530908 1
0158---- 1
015800-- 1
01580001 1
01580002 1
01580003 1
01580004 1
01580010 1
01580011 1
01580020 1
01580030 1
01580040 1
01580041 1
01580050 1
01580051 1
01580052 1
01580053 1
01580060 1
01580090 1
01580091 1
015801-- 1
01580160 1
01580170 1
01580180 1
01580190 1
015802-- 1
01580200 1
01580290 1
015803-- 1
01580300 1
01580390 1
015804-- 1
01580490 1
015805-- 1
01580590 1
015806-- 1
01580690 1
015809-- 1
01580900 1
0160---- 1
016001-- 1
01600101 1
01600102 1
016002-- 1
01600201 1
016003-- 1
01600301 1
016004-- 1
01600401 1
01600402 1
01600403 1
01600404 1
01600405 1
01600406 1
01600407 1
016005-- 1
01600501 1
01600502 1
01600503 1
016006-- 1
01600601 1
016007-- 1
01600701 1
016008-- 1
01600801 1
01600802 1
01600803 1
01600804 1
01600805 1
016009-- 1
01600901 1
01600902 1
01600903 1
01600904 1
01600905 1
01600906 1
01600907 1
01600908 1
01600909 1
016010-- 1
01601001 1
016011-- 1
01601101 1
016012-- 1
01601201 1
01601202 1
016013-- 1
01601301 1
016014-- 1
01601401 1
016015-- 1
01601501 1
016016-- 1
01601601 1
016017-- 1
01601701 1
01601702 1
016018-- 1
01601801 1
016019-- 1
01601901 1
01601902 1
01601903 1
01601904 1
016020-- 1
01602001 1
01602002 1
016021-- 1
01602101 1
016022-- 1
01602201 1
016023-- 1
01602301 1
016024-- 1
01602401 1
01602402 1
016025-- 1
01602501 1
01602502 1
016026-- 1
01602601 1
01602602 1
01602603 1
01602604 1
016027-- 1
01602701 1
016028-- 1
01602801 1
01602802 1
01602803 1
01602804 1
01602805 1
01602806 1
01602807 1
01602808 1
01602809 1
01602810 1
01602811 1
01602812 1
01602813 1
016029-- 1
01602901 1
01602902 1
0163---- 1
016301-- 1
01630101 1
01630102 1
01630103 1
01630104 1
01630105 1
01630106 1
016302-- 1
01630201 1
01630202 1
01630203 1
016303-- 1
01630301 1
01630302 1
01630303 1
01630304 1
016304-- 1
01630401 1
01630402 1
01630403 1
01630404 1
01630405 1
01630406 1
01630407 1
01630408 1
016305-- 1
01630501 1
01630503 1
01630504 1
01630505 1
01630506 1
01630507 1
01630508 1
01630509 1
01630510 1
016306-- 1
01630601 1
01630602 1
01630603 1
01630604 1
01630605 1
01630606 1
016307-- 1
01630700 1
016308-- 1
01630800 1
016309-- 1
01630900 1
0164---- 1
016400-- 3
01640000 3
01640001 3
01640002 3
016401-- 3
01640100 3
01640101 3
01640102 3
01640103 3
016402-- 3
01640200 3
01640201 3
01640202 1
01640203 3
01640204 3
016403-- 3
01640300 3
01640301 3
01640302 1
01640303 3
01640304 3
01640305 1
01640306 3
01640307 3
01640308 3
01640309 1
016404-- 3
01640400 3
01640401 3
01640402 3
01640403 3
016405-- 3
01640500 1
01640501 3
01640502 3
01640503 3
01640504 3
01640505 3
01640506 3
016406-- 3
01640600 3
01640601 3
01640602 3
01640603 3
01640604 3
01640605 3
01640606 1
016407-- 3
01640700 1
01640701 3
01640702 3
01640703 3
01640704 3
01640705 3
01640706 1
016408-- 3
01640800 1
01640801 3
01640802 3
01640803 3
01640804 3
01640805 3
016409-- 3
01640900 1
01640901 3
01640902 1
01640903 3
01640904 3
01640905 1
01640906 1
01640907 3
01640909 1
0166---- 1
016600-- 1
01660000 1
01660001 1
01660002 1
01660003 1
01660004 1
01660005 1
01660006 1
01660007 1
01660008 1
01660009 1
01660010 1
01660011 1
01660012 1
01660013 1
01660015 1
01660016 1
01660017 1
01660018 1
01660019 1
016602-- 1
01660225 1
016603-- 1
01660300 1
01660301 1
01660302 1
01660303 1
01660304 1
01660305 1
01660306 1
01660307 1
016604-- 1
01660400 1
01660401 1
016605-- 1
01660500 1
01660501 1
016606-- 1
01660600 1
016607-- 1
01660700 1
016608-- 1
01660800 1
016609-- 1
01660900 1
0168---- 1
016800-- 1
01680001 1
01680002 1
01680003 1
01680009 1
016801-- 1
01680101 1
01680102 1
01680109 1
016802-- 1
01680201 1
01680209 1
016803-- 1
01680301 1
01680309 1
016804-- 1
01680401 1
01680409 1
0171---- 1
017101-- 1
01710101 1
01710102 1
01710103 1
01710104 1
01710105 1
01710106 1
01710107 1
01710108 1
01710109 1
01710110 1
01710111 1
01710112 1
01710113 1
01710114 1
01710115 1
01710116 1
01710117 1
01710118 1
017102-- 1
01710219 1
01710220 1
01710221 1
017103-- 1
01710322 1
01710323 1
017104-- 1
01710424 1
01710425 1
01710426 1
017105-- 1
01710527 1
01710528 1
01710529 1
01710530 1
017106-- 1
01710631 1
01710632 1
01710633 1
017107-- 1
01710734 1
01710735 1
01710736 1
017108-- 1
01710837 1
01710838 1
01710839 1
017109-- 1
01710941 1
01710942 1
01710943 1
017110-- 1
01711045 1
01711046 1
01711047 1
017111-- 1
01711149 1
01711150 1
01711151 1
017112-- 1
01711252 1
0173---- 1
017301-- 1
01730100 1
017302-- 1
01730200 1
017303-- 1
01730300 1
017304-- 1
01730400 1
017305-- 1
01730500 1
017306-- 1
01730600 1
017307-- 1
01730700 1
017308-- 1
01730800 1
017309-- 1
01730900 1
017310-- 1
01731000 1
017311-- 1
01731100 1
017312-- 1
01731200 1
017313-- 1
01731300 1
017314-- 1
01731400 1
0175---- 1
017501-- 1
01750101 1
01750102 1
01750103 1
01750104 1
01750105 1
01750106 1
01750107 1
01750108 1
01750109 1
01750110 1
01750111 1
01750112 1
01750113 1
01750114 1
01750115 1
01750116 1
01750117 1
01750118 1
01750119 1
01750120 1
01750121 1
01750122 1
01750123 1
01750124 1
01750125 1
01750126 1
017502-- 1
01750201 1
01750202 1
017503-- 1
01750301 1
017504-- 1
01750401 1
01750402 1
01750403 1
017505-- 1
01750501 1
017506-- 1
01750601 1
017507-- 1
01750701 1
01750702 1
01750703 1
017508-- 1
01750801 1
01750802 1
017509-- 1
01750901 1
01750902 1
017510-- 1
01751001 1
01751002 1
017511-- 1
01751101 1
01751102 1
01751103 1
0177---- 1
017701-- 1
01770101 1
01770102 1
01770103 1
01770104 1
01770105 1
01770106 1
01770107 1
01770108 1
01770109 1
01770110 1
01770111 1
01770112 1
01770113 1
01770114 1
01770115 1
01770116 1
01770117 1
01770119 1
017702-- 1
01770201 1
01770209 1
017703-- 1
01770301 1
01770309 1
017704-- 1
01770401 1
01770409 1
017705-- 1
01770501 1
01770509 1
017706-- 1
01770601 1
01770609 1
017707-- 1
01770701 1
01770702 1
01770703 1
01770704 1
01770705 1
01770709 1
017708-- 1
01770801 1
01770809 1
017709-- 1
01770901 1
01770909 1
0180---- 1
018000-- 3
01800000 3
01800002 3
01800003 3
01800004 3
01800005 3
01800006 3
01800007 3
01800008 3
018001-- 3
01800100 3
01800101 3
01800102 3
018002-- 3
01800206 3
01800207 3
01800209 3
01800210 3
018003-- 3
01800305 3
01800306 3
01800307 3
01800308 3
01800309 3
01800310 3
018004-- 3
01800400 3
01800409 3
018005-- 3
01800509 3
0183---- 1
018300-- 1
01830001 1
01830002 1
01830003 1
01830009 1
01830050 1
018301-- 1
01830101 1
01830102 1
01830109 1
01830150 1
018302-- 1
01830200 1
01830209 1
018303-- 1
01830301 1
01830302 1
01830309 1
01830350 1
018304-- 1
01830400 1
01830409 1
018305-- 1
01830500 1
01830508 1
018306-- 1
01830600 1
01830609 1
018307-- 1
01830700 1
01830709 1
018308-- 1
01830800 1
018309-- 1
01830900 1
01830909 1
018310-- 1
01831009 1
018311-- 1
01831109 1
018312-- 1
01831209 1
0184---- 1
018400-- 1
01840000 1
01840002 1
01840003 1
01840004 1
01840006 1
01840007 1
01840008 1
01840009 1
01840010 1
01840011 1
01840015 1
0189---- 1
018900-- 1
01890000 1
01890001 1
01890002 1
01890003 1
01890004 1
01890005 1
01890006 1
01890007 1
01890008 1
018901-- 1
01890105 1
01890106 1
01890107 1
01890108 1
01890109 1
018902-- 1
01890200 1
01890209 1
018903-- 1
01890300 1
01890301 1
01890302 1
01890303 1
018904-- 1
01890405 1
01890406 1
01890407 1
01890408 1
01890409 1
018905-- 1
01890507 1
01890508 1
01890509 1
0193---- 1
019310-- 1
01931000 1
01931010 1
01931020 1
019311-- 1
01931100 1
01931110 1
01931120 1
01931130 1
01931140 1
01931150 1
01931160 1
01931170 1
01931180 1
019312-- 1
01931200 1
01931210 1
019313-- 1
01931300 1
01931310 1
01931320 1
01931330 1
01931340 1
01931350 1
01931360 1
019314-- 1
01931400 1
01931410 1
019320-- 1
01932000 1
01932010 1
01932020 1
019321-- 1
01932100 1
01932110 1
01932120 1
01932130 1
01932140 1
019322-- 1
01932200 1
01932210 1
01932220 1
01932230 1
01932240 1
01932250 1
01932260 1
01932270 1
01932280 1
019330-- 1
01933000 1
01933010 1
01933020 1
01933030 1
019331-- 1
01933100 1
01933110 1
01933120 1
01933130 1
019332-- 1
01933200 1
01933210 1
01933220 1
019340-- 1
01934000 1
01934010 1
01934020 1
01934030 1
01934040 1
01934050 1
019341-- 1
01934100 1
01934110 1
01934120 1
019350-- 1
01935000 1
01935010 1
01935020 1
01935030 1
01935040 1
01935050 1
01935060 1
01935070 1
01935080 1
019351-- 1
01935100 1
01935110 1
01935120 1
01935130 1
01935140 1
01935150 1
01935160 1
019352-- 1
01935200 1
01935210 1
0197---- 1
019701-- 1
01970101 1
01970102 1
01970103 1
01970104 1
01970105 1
01970106 1
01970107 1
01970108 1
01970109 1
01970110 1
01970111 1
01970112 1
019702-- 1
01970201 1
01970202 1
01970203 1
01970204 1
019703-- 1
01970301 1
01970302 1
01970303 1
01970304 1
01970305 1
01970306 1
01970307 1
019704-- 1
01970400 1
01970401 1
01970402 1
01970403 1
01970408 1
01970409 1
0200---- 1
020001-- 1
02000101 1
02000102 1
020002-- 1
02000201 1
02000202 1
02000203 1
02000204 1
02000205 1
02000206 1
02000207 1
020003-- 1
02000301 1
02000302 1
02000303 1
02000304 1
02000305 1
02000306 1
02000307 1
02000308 1
02000309 1
02000310 1
02000311 1
020004-- 1
02000401 1
02000402 1
02000403 1
02000404 1
02000405 1
02000406 1
02000407 1
02000408 1
02000409 1
020005-- 1
02000501 1
02000502 1
02000503 1
02000504 1
02000505 1
02000506 1
02000507 1
02000508 1
020006-- 1
02000601 1
02000602 1
02000603 1
02000604 1
02000605 1
02000606 1
02000607 1
02000608 1
020007-- 1
02000701 1
02000702 1
02000703 1
02000704 1
02000705 1
02000706 1
02000707 1
02000708 1
02000709 1
020008-- 1
02000801 1
02000802 1
02000803 1
02000804 1
02000805 1
02000806 1
02000807 1
02000808 1
02000809 1
020010-- 1
02001001 1
02001002 1
02001003 1
02001004 1
020011-- 1
02001101 1
02001102 1
02001103 1
02001104 1
020012-- 1
02001201 1
02001202 1
02001203 1
02001204 1
020013-- 1
02001301 1
02001302 1
02001303 1
020014-- 1
02001401 1
02001402 1
02001403 1
02001404 1
020015-- 1
02001501 1
02001502 1
02001503 1
020016-- 1
02001601 1
02001602 1
02001603 1
02001604 1
020017-- 1
02001701 1
02001702 1
02001703 1
02001704 1
02001705 1
02001706 1
0202---- 1
020201-- 1
02020100 1
02020101 1
02020102 1
02020103 1
02020104 1
02020170 1
020202-- 1
02020210 1
02020211 1
02020212 1
020203-- 1
02020314 1
02020320 1
02020321 1
02020322 1
02020338 1
02020339 1
020204-- 1
02020423 1
02020424 1
02020425 1
020205-- 1
02020526 1
02020527 1
02020528 1
02020529 1
020206-- 1
02020630 1
02020631 1
02020650 1
020207-- 1
02020732 1
02020733 1
02020734 1
02020735 1
020208-- 1
02020840 1
02020841 1
02020842 1
02020843 1
02020844 1
02020845 1
020209-- 1
02020951 1
02020952 1
020210-- 1
02021053 1
020211-- 1
02021154 1
02021155 1
02021159 1
020212-- 1
02021260 1
02021261 1
02021262 1
02021263 1
02021264 1
02021269 1
020213-- 1
02021365 1
02021366 1
02021367 1
02021368 1
020214-- 1
02021471 1
02021473 1
02021474 1
020215-- 1
02021572 1
02021579 1
020216-- 1
02021681 1
02021682 1
020217-- 1
02021780 1
02021783 1
02021798 1
020218-- 1
02021815 1
02021884 1
02021885 1
02021886 1
02021887 1
02021888 1
020219-- 1
02021989 1
02021990 1
02021993 1
020220-- 1
02022092 1
020221-- 1
02022191 1
02022194 1
02022197 1
020222-- 1
02022295 1
02022296 1
020223-- 1
02022316 1
02022317 1
02022318 1
02022319 1
020224-- 1
02022447 1
02022448 1
02022449 1
0203---- 1
020354-- 1
02035400 1
02035401 1
02035402 1
02035403 1
02035404 1
02035405 1
02035406 1
02035407 1
02035408 1
02035409 1
02035410 1
02035411 1
02035412 1
02035413 1
02035414 1
02035415 1
02035425 1
02035426 1
020355-- 1
02035530 1
02035531 1
02035532 1
02035533 1
02035534 1
02035535 1
02035536 1
02035537 1
02035538 1
02035539 1
02035540 1
02035541 1
020356-- 1
02035650 1
02035651 1
02035652 1
020357-- 1
02035780 1
02035781 1
020358-- 1
02035875 1
02035876 1
02035877 1
020359-- 1
02035960 1
02035961 1
020360-- 1
02036070 1
02036071 1
020361-- 1
02036190 1
02036191 1
020362-- 1
02036265 1
02036266 1
020363-- 1
02036395 1
0209---- 1
020901-- 1
02090100 1
02090101 1
02090110 1
02090111 1
02090112 1
02090113 1
02090114 1
02090121 1
02090122 1
02090123 1
02090124 1
02090125 1
02090126 1
02090131 1
02090141 1
02090142 1
02090143 1
02090144 1
02090145 1
02090146 1
02090147 1
02090151 1
02090152 1
02090153 1
02090154 1
02090161 1
020902-- 1
02090202 1
02090203 1
02090204 1
02090271 1
02090272 1
02090273 1
02090274 1
02090275 1
02090276 1
020903-- 1
02090305 1
02090306 1
02090381 1
02090382 1
02090383 1
020904-- 1
02090407 1
02090408 1
02090409 1
02090491 1
0213---- 1
021301-- 3
02130100 3
02130101 3
02130102 3
021302-- 3
02130200 3
021303-- 3
02130300 3
02130301 1
02130302 3
02130303 3
02130304 3
02130305 3
02130306 3
02130307 3
02130308 3
02130309 3
02130310 3
02130311 3
02130312 3
02130313 3
02130314 3
02130315 3
02130316 3
02130317 3
021304-- 3
02130400 3
02130401 3
02130402 3
021305-- 3
02130500 3
02130501 3
02130502 3
021306-- 1
02130600 3
02130601 3
02130602 1
02130603 3
02130604 3
02130605 3
02130606 3
02130607 3
02130608 3
02130609 3
02130610 3
0214---- 1
021400-- 1
02140000 1
02140001 1
02140002 1
02140003 1
02140004 1
02140006 1
02140007 1
02140008 1
02140009 1
021401-- 1
02140100 1
02140101 1
02140109 1
021402-- 1
02140200 1
02140201 1
02140202 1
02140206 1
02140207 1
02140208 1
02140209 1
021403-- 1
02140300 1
02140301 1
02140305 1
02140306 1
02140307 1
02140308 1
021404-- 1
02140400 1
02140402 1
02140408 1
02140409 1
021405-- 1
02140500 1
02140501 1
02140502 1
02140503 1
02140507 1
02140508 1
02140509 1
021406-- 1
02140600 1
02140608 1
02140609 1
0216---- 1
021600-- 1
02160000 1
02160001 1
02160002 1
02160003 1
02160004 1
02160005 1
02160006 1
02160007 1
02160008 1
02160009 1
02160010 1
021601-- 1
02160100 1
02160101 1
02160102 1
02160103 1
02160104 1
02160105 1
02160106 1
02160107 1
02160108 1
0221---- 1
022101-- 1
02210100 1
02210101 1
02210102 1
02210103 1
02210104 1
02210105 1
02210106 1
02210107 1
02210108 1
02210109 1
02210110 1
0222---- 1
022201-- 1
02220101 1
02220102 1
02220103 1
02220104 1
02220105 1
02220106 1
022202-- 1
02220201 1
02220202 1
02220203 1
02220204 1
02220205 1
02220206 1
02220208 1
022203-- 1
02220301 1
02220302 1
02220303 1
022204-- 1
02220401 1
02220402 1
02220403 1
02220404 1
02220405 1
02220406 1
02220407 1
02220408 1
022205-- 1
02220501 1
02220502 1
02220503 1
02220504 1
02220505 1
022206-- 1
02220601 1
02220602 1
02220603 1
02220604 1
02220605 1
02220606 1
02220607 1
02220608 1
02220609 1
022207-- 1
02220702 1
02220703 1
02220704 1
02220705 1
02220706 1
02220707 1
02220708 1
02220709 1
02220710 1
02220711 1
02220712 1
02220713 1
022208-- 1
02220801 1
02220802 1
02220803 1
02220804 1
022209-- 1
02220901 1
02220902 1
02220903 1
02220904 1
02220905 1
02220906 1
02220907 1
02220908 1
02220909 1
02220911 1
022211-- 1
02221101 1
02221102 1
02221103 1
02221104 1
02221105 1
02221106 1
02221107 1
022231-- 1
02223101 1
02223102 1
02223103 1
02223104 1
02223105 1
02223106 1
02223107 1
02223108 1
02223109 1
02223110 1
02223111 1
02223112 1
02223113 1
0225---- 1
022500-- 1
02250001 1
022501-- 1
02250101 1
02250102 1
02250103 1
02250104 1
02250105 1
02250106 1
02250107 1
02250108 1
02250109 1
02250110 1
022502-- 1
02250201 1
02250202 1
02250203 1
02250204 1
02250205 1
022503-- 1
02250301 1
02250302 1
02250303 1
022504-- 1
02250401 1
02250402 1
022505-- 1
02250501 1
02250502 1
022506-- 1
02250601 1
02250602 1
02250603 1
0226---- 1
022601-- 1
02260101 1
022602-- 1
02260201 1
022603-- 1
02260301 1
02260302 1
02260303 1
02260304 1
02260305 1
02260306 1
02260307 1
02260308 1
022604-- 1
02260401 1
02260402 1
022605-- 1
02260501 1
022606-- 1
02260601 1
0228---- 1
022801-- 1
02280101 1
02280102 1
02280103 1
02280104 1
02280105 1
022802-- 1
02280201 1
02280202 1
02280203 1
02280204 1
02280205 1
02280206 1
022803-- 1
02280301 1
02280302 1
02280303 1
02280305 1
02280306 1
02280307 1
022804-- 1
02280401 1
02280402 1
02280403 1
022805-- 1
02280501 1
022810-- 1
02281001 1
02281002 1
02281003 1
02281004 1
022811-- 1
02281101 1
02281102 1
02281103 1
022812-- 1
02281201 1
02281202 1
02281203 1
02281204 1
022813-- 1
02281301 1
02281302 1
02281303 1
02281304 1
02281305 1
02281306 1
022820-- 1
02282031 1
02282032 1
02282051 1
022830-- 1
02283001 1
02283002 1
02283003 1
02283004 1
02283031 1
02283051 1
022840-- 1
02284001 1
02284002 1
02284003 1
02284031 1
02284032 1
02284033 1
02284034 1
02284051 1
022850-- 1
02285001 1
02285031 1
022860-- 1
02286001 1
02286031 1
022870-- 1
02287001 1
02287002 1
02287031 1
02287051 1
022880-- 1
02288001 1
02288031 1
02288051 1
022890-- 1
02289001 1
02289031 1
02289051 1
02289052 1
02289053 1
0230---- 1
023001-- 1
02300100 1
02300101 1
02300102 1
02300103 1
02300104 1
02300105 1
02300106 1
02300107 1
02300108 1
02300109 1
02300110 1
023002-- 1
02300201 1
02300202 1
02300203 1
02300204 1
02300205 1
02300207 1
02300209 1
023003-- 1
02300300 1
02300304 1
02300306 1
02300308 1
0232---- 1
023200-- 1
02320000 1
02320001 1
02320002 1
02320003 1
02320004 1
02320005 1
02320006 1
02320007 1
02320008 1
02320009 1
02320010 1
02320011 1
02320012 1
023201-- 1
02320100 1
02320101 1
023202-- 1
02320200 1
02320201 1
02320202 1
02320203 1
02320204 1
02320205 1
02320206 1
02320207 1
02320208 1
02320209 1
02320210 1
02320211 1
023203-- 1
02320300 1
02320301 1
0233---- 1
023300-- 1
02330001 1
02330002 1
02330003 1
02330004 1
02330005 1
023301-- 1
02330101 1
023302-- 1
02330201 1
02330202 1
023303-- 1
02330301 1
02330302 1
02330303 1
02330304 1
023304-- 1
02330401 1
02330402 1
023305-- 1
02330501 1
02330502 1
02330503 1
02330504 1
02330505 1
02330506 1
0243---- 1
024301-- 1
02430101 1
02430102 1
024302-- 1
02430201 1
02430202 1
02430203 1
02430204 1
024303-- 1
02430301 1
02430302 1
024304-- 1
02430401 1
02430402 1
024305-- 1
02430501 1
02430502 1
02430503 1
02430504 1
024306-- 1
02430601 1
02430602 1
024307-- 1
02430701 1
02430702 1
024308-- 1
02430801 1
02430802 1
02430803 1
02430804 1
02430805 1
02430806 1
02430807 1
02430808 1
024309-- 1
02430901 1
02430902 1
024310-- 1
02431001 1
02431002 1
02431003 1
02431004 1
02431005 1
02431006 1
024311-- 1
02431101 1
02431102 1
02431103 1
02431104 1
024312-- 1
02431201 1
02431202 1
02431203 1
02431204 1
02431205 1
02431206 1
02431207 1
02431210 1
02431211 1
02431212 1
02431213 1
024313-- 1
02431301 1
02431302 1
02431303 1
024314-- 1
02431401 1
02431402 1
02431403 1
024315-- 1
02431501 1
02431502 1
02431503 1
02431504 1
02431505 1
02431506 1
0244---- 1
024400-- 1
02440000 1
02440001 1
02440002 1
02440003 1
02440004 1
02440005 1
02440008 1
02440009 1
024401-- 1
02440108 1
02440109 1
0246---- 1
024600-- 1
02460000 1
02460001 1
02460002 1
02460003 1
02460004 1
02460005 1
02460006 1
02460007 1
02460008 1
02460009 1
024601-- 1
02460100 1
02460106 1
02460107 1
02460108 1
02460109 1
0252---- 1
025200-- 1
02520000 1
02520001 1
02520002 1
02520003 1
02520004 1
02520005 1
02520006 1
02520007 1
02520008 1
02520009 1
025201-- 1
02520100 1
02520101 1
02520103 1
02520104 1
02520105 1
02520106 1
02520107 1
02520108 1
02520109 1
0262---- 1
026200-- 1
02620000 1
02620001 1
02620002 1
02620003 1
02620004 1
02620005 1
02620006 1
026201-- 1
02620100 1
02620106 1
02620107 1
02620108 1
02620109 1
026202-- 1
02620200 1
02620201 1
02620205 1
02620206 1
02620207 1
02620208 1
02620209 1
026203-- 1
02620300 1
02620307 1
02620308 1
02620309 1
026204-- 1
02620400 1
02620401 1
02620402 1
02620406 1
02620407 1
02620408 1
02620409 1
026205-- 1
02620500 1
02620501 1
02620506 1
02620507 1
02620508 1
02620509 1
0263---- 1
026300-- 1
02630000 1
02630001 1
02630002 1
02630003 1
02630006 1
02630007 1
02630008 1
02630009 1
02630010 1
026301-- 1
02630100 1
02630101 1
02630102 1
02630108 1
02630109 1
026302-- 1
02630200 1
02630208 1
02630209 1
026303-- 1
02630300 1
02630301 1
02630309 1
026304-- 1
02630400 1
02630401 1
02630408 1
02630409 1
0267---- 1
026701-- 1
02670101 1
02670102 1
02670103 1
02670104 1
02670105 1
02670106 1
02670107 1
02670108 1
02670109 1
02670110 1
02670111 1
02670112 1
02670113 1
02670114 1
02670115 1
02670116 1
02670117 1
02670118 1
026702-- 1
02670201 1
02670202 1
02670203 1
02670204 1
026703-- 1
02670300 1
02670301 1
02670302 1
026704-- 1
02670401 1
02670402 1
026705-- 1
02670500 1
02670501 1
02670502 1
02670503 1
02670504 1
02670505 1
0268---- 1
026801-- 1
02680100 1
02680101 1
026802-- 1
02680202 1
02680203 1
02680204 1
02680205 1
02680206 1
02680207 1
02680208 1
02680209 1
026803-- 1
02680320 1
02680321 1
026804-- 1
02680422 1
02680423 1
02680424 1
02680425 1
026805-- 1
02680510 1
02680511 1
02680512 1
02680513 1
02680517 1
026806-- 1
02680614 1
02680615 1
02680616 1
02680618 1
026807-- 1
02680731 1
02680732 1
02680733 1
02680734 1
02680735 1
02680736 1
02680737 1
02680738 1
02680739 1
026808-- 1
02680840 1
02680841 1
02680842 1
02680843 1
02680847 1
02680848 1
02680849 1
026809-- 1
02680950 1
02680960 1
02680970 1
0269---- 1
026900-- 1
02690000 1
02690001 1
02690002 1
02690004 1
02690005 1
02690006 1
02690007 1
02690008 1
02690009 1
026901-- 1
02690100 1
02690101 1
02690102 1
02690103 1
02690104 1
02690105 1
02690106 1
02690107 1
02690108 1
02690109 1
02690110 1
026902-- 1
02690200 1
02690201 1
02690203 1
02690208 1
02690209 1
02690210 1
0273---- 1
027300-- 1
02730000 1
02730001 1
02730002 1
02730003 1
02730004 1
02730005 1
02730006 1
02730007 1
02730008 1
02730009 1
027301-- 1
02730100 1
02730108 1
02730109 1
0274---- 1
027401-- 1
02740101 1
02740102 1
02740103 1
02740104 1
02740105 1
02740106 1
027402-- 1
02740201 1
02740202 1
02740203 1
02740204 1
02740205 1
02740206 1
02740207 1
027403-- 1
02740301 1
02740302 1
02740303 1
02740304 1
02740305 1
02740306 1
027404-- 1
02740401 1
02740402 1
02740403 1
027405-- 1
02740501 1
02740502 1
02740503 1
02740504 1
027406-- 1
02740601 1
02740602 1
02740603 1
02740604 1
027407-- 1
02740701 1
02740702 1
02740703 1
027408-- 1
02740801 1
02740802 1
02740803 1
027409-- 1
02740901 1
02740902 1
027410-- 1
02741001 1
02741002 1
02741003 1
02741004 1
02741005 1
027411-- 1
02741101 1
02741102 1
02741103 1
02741104 1
02741105 1
027412-- 1
02741201 1
02741202 1
02741203 1
02741204 1
02741205 1
02741206 1
0275---- 1
027500-- 1
02750000 1
02750001 1
02750002 1
02750003 1
02750004 1
02750005 1
02750007 1
02750008 1
02750009 1
02750010 1
02750011 1
027501-- 1
02750100 1
02750101 1
02750102 1
02750103 1
02750106 1
02750107 1
02750108 1
027502-- 1
02750200 1
02750201 1
02750202 1
02750208 1
02750209 1
0277---- 1
027700-- 1
02770000 1
02770009 1
0279---- 1
027900-- 1
02790000 1
02790008 1
02790009 1
0281---- 1
028100-- 1
02810000 1
02810001 1
02810002 1
02810003 1
02810004 1
02810005 1
02810006 1
02810007 1
02810009 1
02810010 1
02810011 1
028101-- 1
02810100 1
02810101 1
02810102 1
02810103 1
02810104 1
02810107 1
02810108 1
02810109 1
028102-- 1
02810200 1
02810201 1
02810208 1
02810209 1
028103-- 1
02810300 1
02810301 1
02810302 1
02810303 1
02810304 1
02810305 1
02810306 1
0285---- 1
028501-- 3
02850101 3
02850102 3
028502-- 3
02850201 3
02850202 3
028503-- 3
02850301 3
02850302 3
028504-- 3
02850401 3
02850402 3
028505-- 3
02850501 3
02850502 3
02850503 3
02850504 3
02850505 3
02850506 3
02850507 3
02850508 3
02850509 3
02850510 3
02850511 3
028506-- 3
02850601 3
028507-- 3
02850701 3
02850702 3
028508-- 3
02850801 3
02850802 3
028509-- 3
02850901 3
02850902 3
028510-- 3
02851001 3
02851002 3
028511-- 3
02851101 3
02851102 3
028512-- 3
02851201 3
02851202 3
0289---- 1
028901-- 1
02890101 1
02890102 1
02890103 1
02890104 1
028902-- 1
02890201 1
02890202 1
028903-- 1
02890301 1
02890302 1
028904-- 1
02890401 1
02890402 1
028905-- 1
02890501 1
02890502 1
02890503 1
02890504 1
028906-- 1
02890601 1
02890602 1
02890603 1
02890604 1
028907-- 1
02890701 1
02890702 1
028908-- 1
02890801 1
02890802 1
028909-- 1
02890901 1
02890902 1
028910-- 1
02891001 1
02891002 1
02891003 1
028911-- 1
02891101 1
028912-- 1
02891201 1
02891202 1
02891203 1
02891204 1
02891205 1
0293---- 1
029300-- 1
02930000 1
02930001 1
02930002 1
02930003 1
02930004 1
02930009 1
0294---- 1
029400-- 1
02940000 1
02940001 1
02940002 1
02940003 1
02940004 1
029401-- 1
02940100 1
02940101 1
02940102 1
02940103 1
02940104 1
02940105 1
02940106 1
02940107 1
02940108 1
02940109 1
02940120 1
02940121 1
0296---- 1
029600-- 1
02960000 1
02960001 1
02960002 1
029601-- 1
02960100 1
02960101 1
02960102 1
02960103 1
02960104 1
02960105 1
02960106 1
02960107 1
02960108 1
02960109 1
02960110 1
02960111 1
02960112 1
02960113 1
02960114 1
02960115 1
02960116 1
02960117 1
02960118 1
02960119 1
02960120 1
02960121 1
02960122 1
02960123 1
02960124 1
02960125 1
02960126 1
02960127 1
02960128 1
02960129 1
02960130 1
02960131 1
02960132 1
02960133 1
02960134 1
02960135 1
02960136 1
02960137 1
02960138 1
029602-- 1
02960200 1
02960201 1
029603-- 1
02960300 1
02960301 1
029604-- 1
02960400 1
02960401 1
02960402 1
029605-- 1
02960500 1
02960501 1
029606-- 1
02960600 1
02960601 1
029607-- 1
02960700 1
02960701 1
02960702 1
029608-- 1
02960800 1
02960801 1
02960802 1
02960803 1
0297---- 1
029700-- 1
02970000 1
02970001 1
02970002 1
02970007 1
02970008 1
02970009 1
029701-- 1
02970100 1
02970101 1
02970102 1
02970103 1
02970104 1
02970105 1
02970106 1
02970107 1
02970108 1
02970109 1
029702-- 1
02970200 1
02970201 1
02970202 1
02970203 1
02970204 1
02970207 1
02970208 1
02970209 1
029703-- 1
02970300 1
02970301 1
02970309 1
0299---- 1
029900-- 1
02990000 1
02990001 1
02990002 1
02990003 1
02990004 1
02990005 1
02990006 1
02990007 1
02990008 1
02990009 1
02990010 1
02990011 1
02990012 1
02990013 1
02990014 1
02990015 1
02990016 1
02990017 1
02990018 1
029901-- 1
02990100 1
02990101 1
02990102 1
029902-- 1
02990200 1
02990201 1
029903-- 1
02990300 1
02990301 1
02990302 1
029904-- 1
02990400 1
029905-- 1
02990500 1
029906-- 1
02990600 1
02990601 1
029907-- 1
02990700 1
02990701 1
029908-- 1
02990800 1
02990801 1
029909-- 1
02990900 1
029910-- 1
02991000 1
02991001 1
029911-- 1
02991100 1
02991101 1
0301---- 1
030100-- 1
03010000 1
03010001 1
03010002 1
03010003 1
03010004 1
030101-- 1
03010100 1
03010101 1
03010102 1
03010103 1
03010104 1
03010105 1
03010106 1
030102-- 1
03010200 1
03010201 1
03010202 1
03010203 1
030103-- 1
03010300 1
03010301 1
03010302 1
03010303 1
03010304 1
030104-- 1
03010400 1
03010401 1
03010402 1
03010403 1
03010409 1
030105-- 1
03010500 1
03010501 1
03010502 1
03010503 1
03010509 1
0302---- 1
030200-- 1
03020000 1
03020001 1
03020002 1
03020003 1
03020005 1
03020006 1
03020007 1
03020008 1
03020009 1
030201-- 1
03020100 1
03020101 1
03020107 1
03020108 1
03020109 1
0303---- 1
030301-- 1
03030101 1
03030102 1
03030103 1
03030104 1
03030105 1
030302-- 1
03030210 1
03030211 1
03030212 1
03030213 1
030303-- 1
03030320 1
03030321 1
03030322 1
03030323 1
03030324 1
030304-- 1
03030430 1
03030431 1
03030432 1
03030433 1
03030434 1
03030435 1
030305-- 1
03030548 1
03030549 1
03030550 1
030306-- 1
03030601 1
03030602 1
03030603 1
03030604 1
03030605 1
03030606 1
03030607 1
03030608 1
03030609 1
03030620 1
030307-- 1
03030701 1
03030702 1
03030703 1
03030704 1
03030705 1
03030706 1
03030707 1
03030708 1
03030720 1
0307---- 1
030701-- 1
03070100 1
03070101 1
03070102 1
03070103 1
03070104 1
03070105 1
03070106 1
03070107 1
03070108 1
030702-- 1
03070200 1
03070202 1
03070204 1
030703-- 1
03070300 1
03070301 1
03070302 1
03070303 1
03070304 1
03070305 1
03070306 1
03070307 1
03070308 1
03070309 1
030704-- 1
03070401 1
03070402 1
030705-- 1
03070504 1
03070505 1
030706-- 1
03070600 1
03070601 1
03070603 1
030707-- 1
03070700 1
03070701 1
03070702 1
030708-- 1
03070800 1
03070801 1
03070803 1
030709-- 1
03070900 1
03070902 1
03070903 1
03070905 1
03070906 1
030710-- 1
03071000 1
03071001 1
03071002 1
03071003 1
03071004 1
030711-- 1
03071100 1
03071101 1
030712-- 1
03071201 1
03071202 1
03071203 1
03071204 1
03071205 1
030713-- 1
03071300 1
03071301 1
03071302 1
030714-- 1
03071400 1
03071401 1
03071402 1
03071403 1
030715-- 1
03071500 1
03071501 1
03071502 1
03071503 1
030716-- 1
03071600 1
03071601 1
03071602 1
03071603 1
030717-- 1
03071700 1
03071701 1
03071702 1
03071703 1
03071704 1
03071705 1
03071706 1
03071707 1
030718-- 1
03071800 1
03071801 1
03071802 1
03071803 1
03071804 1
030719-- 1
03071900 1
03071901 1
03071902 1
03071903 1
03071904 1
03071905 1
03071906 1
030720-- 1
03072000 1
03072001 1
03072002 1
03072003 1
03072004 1
03072005 1
03072006 1
03072007 1
030721-- 1
03072100 1
03072101 1
03072102 1
03072103 1
03072104 1
03072105 1
03072106 1
03072107 1
03072108 1
030722-- 1
03072201 1
030724-- 1
03072400 1
03072402 1
03072403 1
03072404 1
03072405 1
03072407 1
030725-- 1
03072500 1
03072501 1
030726-- 1
03072600 1
03072601 1
03072602 1
03072603 1
030727-- 1
03072700 1
03072701 1
03072709 1
030728-- 1
03072800 1
03072801 1
03072802 1
03072803 1
03072804 1
030729-- 1
03072900 1
03072901 1
03072902 1
030730-- 1
03073000 1
03073001 1
030731-- 1
03073100 1
03073101 1
03073102 1
03073103 1
03073104 1
03073105 1
03073106 1
030732-- 1
03073201 1
030733-- 1
03073301 1
03073302 1
03073303 1
03073304 1
030734-- 1
03073401 1
03073402 1
03073403 1
0308---- 1
030800-- 1
03080000 1
03080001 1
03080002 1
03080003 1
03080004 1
03080005 1
03080006 1
03080007 1
030801-- 1
03080100 1
03080101 1
03080102 1
03080103 1
03080104 1
03080105 1
03080109 1
030802-- 1
03080200 1
03080201 1
030804-- 1
03080400 1
03080401 1
030805-- 1
03080500 1
03080501 1
0310---- 1
031001-- 1
03100101 1
03100102 1
031002-- 1
03100201 1
03100202 1
031003-- 1
03100301 1
03100302 1
03100303 1
031004-- 1
03100401 1
03100402 1
031005-- 1
03100505 1
031006-- 1
03100601 1
03100602 1
03100603 1
031007-- 1
03100701 1
03100702 1
03100703 1
031008-- 1
03100801 1
03100802 1
03100803 1
031009-- 1
03100901 1
03100902 1
03100903 1
031010-- 1
03101001 1
03101002 1
0312---- 1
031200-- 1
03120000 1
03120001 1
03120008 1
03120009 1
031201-- 1
03120100 1
03120109 1
031202-- 1
03120200 1
03120209 1
0313---- 1
031300-- 1
03130001 1
03130002 1
03130003 1
03130004 1
03130005 1
03130006 1
03130007 1
03130008 1
03130009 1
03130011 1
0317---- 1
031702-- 1
03170210 1
03170211 1
03170212 1
03170213 1
03170214 1
03170215 1
03170216 1
03170217 1
03170218 1
03170219 1
0321---- 1
032110-- 1
03211010 1
03211011 1
03211012 1
03211013 1
03211014 1
03211015 1
03211016 1
03211017 1
03211018 1
03211019 1
03211050 1
032111-- 1
03211120 1
03211121 1
03211122 3
03211123 1
03211124 1
03211125 1
03211126 1
03211127 1
03211128 1
03211129 1
03211151 3
032112-- 1
03211230 1
03211231 3
03211232 1
03211233 1
03211234 1
03211235 1
03211236 1
03211237 1
03211238 3
03211252 1
032113-- 1
03211340 1
03211341 1
03211342 1
03211343 1
03211344 1
03211345 1
03211353 2
032120-- 1
03212054 1
03212055 1
03212056 1
03212057 1
03212058 1
03212059 3
03212060 1
03212061 1
03212062 1
03212063 1
03212064 3
03212065 1
032130-- 3
03213070 3
03213071 1
032131-- 3
03213172 3
032140-- 1
03214080 1
03214081 1
032141-- 1
03214182 1
032150-- 3
03215090 3
03215091 1
032151-- 3
03215192 3
03215193 1
0327---- 1
032700-- 1
03270000 1
03270001 1
03270002 1
03270003 1
03270004 1
03270005 1
03270006 1
03270007 1
03270008 1
03270009 1
032701-- 1
03270100 1
03270101 1
03270102 1
03270103 1
03270104 1
03270105 1
03270106 1
03270107 1
03270108 1
03270109 1
032702-- 1
03270200 1
03270201 1
03270209 1
032703-- 1
03270300 1
03270309 1
032704-- 1
03270400 1
032705-- 1
03270500 1
03270501 1
0331---- 1
033100-- 1
03310000 1
03310001 1
03310002 1
03310003 1
03310004 1
03310005 1
03310006 1
03310007 1
03310008 1
03310009 1
03310010 1
03310019 1
03310020 1
03310029 1
0335---- 1
033500-- 1
03350000 1
03350001 1
033501-- 1
03350100 1
03350101 1
03350102 1
03350103 1
03350108 1
03350109 1
033502-- 1
03350200 1
03350201 1
03350202 1
03350209 1
0339---- 1
033900-- 1
03390000 1
03390009 1
0340---- 1
034000-- 1
03400001 1
034001-- 1
03400101 1
03400102 1
03400103 1
03400104 1
03400105 1
034002-- 1
03400201 1
03400202 1
03400203 1
034003-- 1
03400301 1
03400302 1
03400303 1
034004-- 1
03400401 1
034005-- 1
03400501 1
03400502 1
03400503 1
03400504 1
034006-- 1
03400601 1
034007-- 1
03400701 1
03400702 1
03400703 1
034008-- 1
03400801 1
034009-- 1
03400901 1
034010-- 1
03401001 1
034011-- 1
03401101 1
034012-- 1
03401201 1
034013-- 1
03401301 1
03401302 1
03401303 1
03401304 1
0342---- 1
034201-- 1
03420101 1
03420102 1
03420103 1
034202-- 1
03420201 1
034203-- 1
03420301 1
03420302 1
03420303 1
03420304 1
034204-- 1
03420401 1
03420402 1
03420403 1
03420404 1
03420405 1
034205-- 1
03420501 1
034206-- 1
03420601 1
03420602 1
03420604 1
03420605 1
03420606 1
034207-- 1
03420701 1
03420702 1
03420703 1
03420704 1
03420705 1
03420706 1
034208-- 1
03420801 1
03420802 1
03420803 1
03420804 1
0344---- 1
034401-- 1
03440111 1
03440112 1
03440113 1
03440114 1
03440121 1
03440122 1
03440123 1
03440124 1
03440131 1
03440132 1
03440133 1
034402-- 1
03440211 1
03440212 1
03440221 1
03440222 1
03440223 1
03440224 1
03440231 1
03440232 1
03440233 1
03440241 1
03440242 1
03440243 1
03440244 1
034403-- 1
03440311 1
03440312 1
03440321 1
03440322 1
03440331 1
03440332 1
03440333 1
03440341 1
03440342 1
03440343 1
034404-- 1
03440411 1
03440412 1
03440413 1
03440414 1
03440415 1
03440421 1
03440422 1
03440423 1
03440431 1
03440432 1
03440433 1
034405-- 1
03440511 1
03440512 1
03440521 1
03440522 1
03440523 1
03440524 1
03440525 1
03440526 1
03440531 1
03440532 1
03440533 1
03440534 1
03440535 1
034406-- 1
03440611 1
03440612 1
03440613 1
03440621 1
03440622 1
03440623 1
03440624 1
03440625 1
03440626 1
03440627 1
03440628 1
034407-- 1
03440711 1
03440712 1
03440721 1
03440722 1
03440723 1
03440731 1
03440732 1
03440733 1
034408-- 1
03440811 1
03440812 1
03440821 1
03440822 1
03440823 1
03440831 1
03440832 1
034409-- 1
03440911 1
03440912 1
03440913 1
03440921 1
03440922 1
03440931 1
03440932 1
03440933 1
03440934 1
03440941 1
03440942 1
03440943 1
03440951 1
03440952 1
03440953 1
034410-- 1
03441011 1
03441012 1
03441013 1
03441014 1
03441021 1
03441022 1
03441023 1
03441024 1
03441031 1
03441032 1
03441033 1
03441041 1
0345---- 1
034500-- 1
03450001 1
03450002 1
03450003 1
03450099 1
034501-- 1
03450110 1
03450111 1
03450112 1
03450113 1
03450114 1
03450116 1
03450117 1
03450118 1
034502-- 1
03450220 1
03450221 1
03450222 1
03450223 1
03450224 1
03450225 1
03450226 1
03450227 1
03450228 1
034503-- 1
03450330 1
03450331 1
03450332 1
034504-- 1
03450440 1
03450441 1
03450442 1
03450443 1
03450444 1
03450445 1
034505-- 1
03450550 1
03450551 1
03450552 1
03450553 1
03450554 1
03450555 1
03450556 1
03450557 1
0351---- 1
035100-- 1
03510001 1
03510002 1
03510003 1
03510004 1
03510005 1
03510006 1
03510008 1
03510009 1
03510010 1
03510011 1
03510012 3
03510013 3
0352---- 1
035200-- 1
03520000 1
03520001 1
03520002 1
03520003 1
03520004 1
03520005 1
03520006 1
03520007 1
03520008 1
03520009 1
03520010 1
03520011 1
035201-- 1
03520100 1
03520101 1
035202-- 1
03520200 1
03520201 1
035203-- 1
03520300 1
03520301 1
0353---- 1
035300-- 1
03530001 1
03530002 1
03530003 1
03530004 1
03530005 1
03530006 1
03530007 1
03530008 1
03530009 1
03530010 1
03530011 1
03530012 1
03530013 1
03530014 1
03530015 1
03530016 1
03530017 1
03530018 1
03530019 1
03530020 1
03530021 1
03530022 1
03530023 1
03530024 1
03530025 1
03530026 1
03530027 1
03530028 1
03530029 1
03530030 1
03530031 1
0355---- 1
035501-- 1
03550101 1
03550102 1
03550103 1
03550104 1
03550105 1
035502-- 1
03550201 1
03550202 1
03550203 1
03550204 1
03550205 1
03550206 1
035503-- 1
03550301 1
03550302 1
03550303 1
03550304 1
03550305 1
03550306 1
03550307 1
03550308 1
03550309 1
035504-- 1
03550401 1
03550402 1
03550403 1
03550404 1
03550405 1
03550406 1
03550407 1
035505-- 1
03550501 1
03550502 1
03550503 1
03550504 1
03550505 1
03550506 1
03550507 1
03550508 1
0356---- 1
035601-- 1
03560101 1
03560102 1
03560103 1
035602-- 1
03560201 1
03560202 1
035603-- 1
03560301 1
03560302 1
03560303 1
035604-- 1
03560401 1
03560402 1
03560403 1
035605-- 1
03560501 1
03560502 1
03560503 1
035606-- 1
03560600 1
035607-- 1
03560700 1
035608-- 1
03560801 1
03560802 1
03560803 1
03560804 1
035610-- 1
03561001 1
03561002 1
03561003 1
035611-- 1
03561101 1
03561102 1
035612-- 1
03561200 1
035613-- 1
03561301 1
03561302 1
035614-- 1
03561400 1
035615-- 1
03561500 1
035616-- 1
03561600 1
035618-- 1
03561800 1
035620-- 1
03562001 1
03562002 1
035621-- 1
03562100 1
035622-- 1
03562200 1
035623-- 1
03562300 1
035624-- 1
03562400 1
035625-- 1
03562500 1
0358---- 1
035800-- 1
03580000 1
03580001 1
03580004 1
03580005 1
035801-- 1
03580100 1
035802-- 1
03580200 1
03580201 1
03580205 1
03580206 1
0361---- 1
036101-- 1
03610100 1
03610101 1
03610102 1
03610103 1
03610104 1
03610105 1
03610106 1
03610107 1
03610108 1
03610109 1
036102-- 1
03610200 1
03610201 1
03610202 1
03610203 1
03610204 1
03610205 1
03610206 1
03610208 1
03610209 1
036103-- 1
03610300 1
03610301 1
03610302 1
03610303 1
03610308 1
03610309 1
036104-- 1
03610400 1
03610401 1
03610402 1
03610403 1
03610404 1
03610409 1
036105-- 1
03610500 1
03610501 1
03610502 1
03610503 1
036106-- 1
03610600 1
03610601 1
03610602 1
03610603 1
03610604 1
036107-- 1
03610700 1
03610701 1
03610702 1
03610703 1
03610704 1
03610709 1
036108-- 1
03610800 1
03610801 1
03610802 1
03610803 1
036109-- 1
03610900 1
03610901 1
03610902 1
03610903 1
03610904 1
03610905 1
03610906 1
036110-- 1
03611000 1
03611001 1
03611002 1
03611003 1
03611004 1
03611005 1
03611006 1
036111-- 1
03611100 1
03611101 1
0362---- 1
036201-- 1
03620101 1
03620102 1
036202-- 1
03620201 1
03620202 1
036203-- 1
03620301 1
03620302 1
03620303 1
03620304 1
036204-- 1
03620401 1
036205-- 1
03620501 1
03620502 1
036206-- 1
03620601 1
03620602 1
03620603 1
03620604 1
036207-- 1
03620701 1
03620702 1
036208-- 1
03620801 1
03620802 1
03620803 1
03620804 1
03620805 1
03620806 1
036209-- 1
03620901 1
03620902 1
03620903 1
03620904 1
03620905 1
036210-- 1
03621001 1
03621002 1
03621003 1
03621004 1
03621005 1
036211-- 1
03621101 1
03621102 1
03621103 1
03621104 1
03621105 1
03621106 1
036212-- 1
03621201 1
03621202 1
03621203 1
03621204 1
036213-- 1
03621301 1
03621302 1
036214-- 1
03621401 1
03621402 1
0363---- 1
0363AA-- 1
0363AA01 1
0363AA02 1
0363AA03 1
0363AA04 1
0363AA05 1
0363AA06 1
0363AB-- 1
0363AB01 1
0363AB02 1
0363AB03 1
0363AB04 1
0363AB05 1
0363AB06 1
0363AB07 1
0363AB08 1
0363AB09 1
0363AB10 1
0363AB11 1
0363AC-- 1
0363AC01 1
0363AC02 1
0363AC03 1
0363AC04 1
0363AD-- 1
0363AD01 1
0363AD02 1
0363AD03 1
0363AD04 1
0363AD05 1
0363AD06 1
0363AD07 1
0363AD08 1
0363AE-- 1
0363AE01 1
0363AE02 1
0363AE03 1
0363AE04 1
0363AE05 1
0363AF-- 1
0363AF01 1
0363AF02 1
0363AF03 1
0363AF04 1
0363AF05 1
0363AF06 1
0363AF07 1
0363AF08 1
0363AF09 1
0363AG-- 1
0363AG01 1
0363AG02 1
0363AG03 1
0363AG04 1
0363AG05 1
0363AG06 1
0363AH-- 1
0363AH01 1
0363AH02 1
0363AH03 1
0363AH04 1
0363AH05 1
0363AH06 1
0363AH07 1
0363AH08 1
0363AJ-- 1
0363AJ01 1
0363AJ02 1
0363AJ03 1
0363AJ04 1
0363AK-- 1
0363AK01 1
0363AK02 1
0363AK03 1
0363AK04 1
0363AK05 1
0363AK06 1
0363AK07 1
0363AK08 1
0363BA-- 1
0363BA01 1
0363BA02 1
0363BA03 1
0363BA04 1
0363BA05 1
0363BA06 1
0363BB-- 1
0363BB01 1
0363BB02 1
0363BB03 1
0363BB04 1
0363BB05 1
0363BB06 1
0363BB07 1
0363BB08 1
0363EA-- 1
0363EA01 1
0363EA02 1
0363EA03 1
0363EB-- 1
0363EB01 1
0363EB02 1
0363EB03 1
0363EB04 1
0363EB05 1
0363EB06 1
0363EB07 1
0363EB08 1
0363EB09 1
0363EB10 1
0363EC-- 1
0363EC01 1
0363EC02 1
0363ED-- 1
0363ED01 1
0363ED02 1
0363ED03 1
0363ED04 1
0363EE-- 1
0363EE01 1
0363EE02 1
0363EE03 1
0363EE04 1
0363EE05 1
0363EE06 1
0363EF-- 1
0363EF01 1
0363EF02 1
0363EG-- 1
0363EG01 1
0363EG02 1
0363EG03 1
0363EG04 1
0363EH-- 1
0363EH01 1
0363EH02 1
0363EH03 1
0363EH04 1
0363EH05 1
0363EH06 1
0363EJ-- 1
0363EJ01 1
0363EJ02 1
0363EJ03 1
0363EK-- 1
0363EK01 1
0363EK02 1
0363EK03 1
0363EK04 1
0363EL-- 1
0363EL01 1
0363EL02 1
0363EL03 1
0363EM-- 1
0363EM01 1
0363EM02 1
0363EM03 1
0363EM04 1
0363EN-- 1
0363EN01 1
0363EN02 1
0363EN03 1
0363EN04 1
0363EP-- 1
0363EP01 1
0363EP02 1
0363EQ-- 1
0363EQ01 1
0363ER-- 1
0363ER01 1
0363ER02 1
0363ES-- 1
0363ES01 1
0363ES02 1
0363ES03 1
0363ET-- 1
0363ET01 1
0363ET02 1
0363EU-- 1
0363EU01 1
0363EU02 1
0363EU03 1
0363EV-- 1
0363EV01 1
0363EV02 1
0363FA-- 1
0363FA01 1
0363FA02 1
0363FA03 1
0363FA04 1
0363FA05 1
0363FA06 1
0363FA07 1
0363FA08 1
0363FB-- 1
0363FB01 1
0363FB02 1
0363FB03 1
0363FB04 1
0363FB05 1
0363FB06 1
0363FB07 1
0363FB08 1
0363FC-- 1
0363FC01 1
0363FC02 1
0363FC03 1
0363FD-- 1
0363FD01 1
0363FD02 1
0363FD03 1
0363FD04 1
0363FE-- 1
0363FE01 1
0363FE02 1
0363FE03 1
0363FE04 1
0363FF-- 1
0363FF01 1
0363FF02 1
0363FF03 1
0363FG-- 1
0363FG01 1
0363FG02 1
0363FG03 1
0363FH-- 1
0363FH01 1
0363FH02 1
0363FJ-- 1
0363FJ01 1
0363FJ02 1
0363FJ03 1
0363FJ04 1
0363FK-- 1
0363FK01 1
0363FK02 1
0363FK03 1
0363FK04 1
0363FK05 1
0363FL-- 1
0363FL01 1
0363FL02 1
0363FL03 1
0363FM-- 1
0363FM01 1
0363FM02 1
0363FM03 1
0363FM04 1
0363FM05 1
0363FM06 1
0363FN-- 1
0363FN01 1
0363FN02 1
0363FN03 1
0363FN04 1
0363FP-- 1
0363FP01 1
0363FP02 1
0363FP03 1
0363FP04 1
0363FP05 1
0363FP06 1
0363FQ-- 1
0363FQ01 1
0363FQ02 1
0363FQ03 1
0363FQ04 1
0363FQ05 1
0363FQ06 1
0363FQ07 1
0363FQ08 1
0363FQ09 1
0363FQ10 1
0363KA-- 1
0363KA01 1
0363KA02 1
0363KA03 1
0363KA04 1
0363KA05 1
0363KA06 1
0363KB-- 1
0363KB01 1
0363KB02 1
0363KC-- 1
0363KC01 1
0363KC02 1
0363KC03 1
0363KC04 1
0363KD-- 1
0363KD01 1
0363KD02 1
0363KD03 1
0363KD04 1
0363KD05 1
0363KD06 1
0363KD07 1
0363KD08 1
0363KD09 1
0363KD10 1
0363KE-- 1
0363KE01 1
0363KE02 1
0363KE03 1
0363KE04 1
0363KE05 1
0363KF-- 1
0363KF01 1
0363KF02 1
0363KF03 1
0363KF04 1
0363KG-- 1
0363KG01 1
0363KG02 1
0363KG03 1
0363KH-- 1
0363KH01 1
0363KH02 1
0363KH03 1
0363KH04 1
0363KH05 1
0363KH06 1
0363KJ-- 1
0363KJ01 1
0363KJ02 1
0363KJ03 1
0363KJ04 1
0363KJ05 1
0363KJ06 1
0363KK-- 1
0363KK01 1
0363KK02 1
0363KK03 1
0363KK04 1
0363KK05 1
0363KK06 1
0363KL-- 1
0363KL01 1
0363KL02 1
0363KM-- 1
0363KM01 1
0363KM02 1
0363KM03 1
0363KM04 1
0363KM05 1
0363KN-- 1
0363KN01 1
0363KN02 1
0363KP-- 1
0363KP01 1
0363KP02 1
0363KP03 1
0363KP04 1
0363KP05 1
0363KQ-- 1
0363KQ01 1
0363KQ02 1
0363KQ03 1
0363KQ04 1
0363KQ05 1
0363KQ06 1
0363KR-- 1
0363KR01 1
0363KR02 1
0363KR03 1
0363KR04 1
0363MA-- 1
0363MA01 1
0363MA02 1
0363MA03 1
0363MA04 1
0363MA05 1
0363MA06 1
0363MA07 1
0363MA08 1
0363MA09 1
0363MA10 1
0363MA11 1
0363MB-- 1
0363MB01 1
0363MB02 1
0363MB03 1
0363MC-- 1
0363MC01 1
0363MC02 1
0363MC03 1
0363MC04 1
0363MD-- 1
0363MD01 1
0363MD02 1
0363ME-- 1
0363ME01 1
0363ME02 1
0363ME03 1
0363MF-- 1
0363MF01 1
0363MF02 1
0363MF03 1
0363MG-- 1
0363MG01 1
0363MG02 1
0363MG03 1
0363MG04 1
0363MH-- 1
0363MH01 1
0363MH02 1
0363MH03 1
0363MH04 1
0363MH05 1
0363MH06 1
0363MJ-- 1
0363MJ01 1
0363MJ02 1
0363MJ03 1
0363MJ04 1
0363MJ05 1
0363MK-- 1
0363MK01 1
0363MK02 1
0363MK03 1
0363MK04 1
0363MK05 1
0363ML-- 1
0363ML01 1
0363ML02 1
0363ML03 1
0363MM-- 1
0363MM01 1
0363MM02 1
0363MM03 1
0363MM04 1
0363MM05 1
0363MM06 1
0363MM07 1
0363MM08 1
0363MN-- 1
0363MN01 1
0363MN02 1
0363MN03 1
0363MN04 1
0363MN05 1
0363MN06 1
0363MN07 1
0363MN08 1
0363MN09 1
0363MP-- 1
0363MP01 1
0363MP02 1
0363MP03 1
0363MQ-- 1
0363MQ01 1
0363MQ02 1
0363MQ03 1
0363MQ04 1
0363MQ05 1
0363MQ06 1
0363MQ07 1
0363NA-- 1
0363NA01 1
0363NA02 1
0363NA03 1
0363NA04 1
0363NA05 1
0363NA06 1
0363NA07 1
0363NB-- 1
0363NB01 1
0363NB02 1
0363NB03 1
0363NB04 1
0363NB05 1
0363NB06 1
0363NB07 1
0363NC-- 1
0363NC01 1
0363NC02 1
0363NC03 1
0363NC04 1
0363ND-- 1
0363ND01 1
0363ND02 1
0363NE-- 1
0363NE01 1
0363NE02 1
0363NE03 1
0363NE04 1
0363NE05 1
0363NE06 1
0363NF-- 1
0363NF01 1
0363NF02 1
0363NF03 1
0363NF04 1
0363NF05 1
0363NG-- 1
0363NG01 1
0363NG02 1
0363NG03 1
0363NH-- 1
0363NH01 1
0363NH02 1
0363NH03 1
0363NH04 1
0363NH05 1
0363NH06 1
0363NJ-- 1
0363NJ01 1
0363NJ02 1
0363NJ03 1
0363NJ04 1
0363NJ05 1
0363NJ06 1
0363NK-- 1
0363NK01 1
0363NK02 1
0363NK03 1
0363NL-- 1
0363NL01 1
0363NL02 1
0363NL03 1
0363NL04 1
0363NM-- 1
0363NM01 1
0363NN-- 1
0363NN01 1
0363NN02 1
0363NP-- 1
0363NP01 1
0363NP02 1
0363NP03 1
0363NQ-- 1
0363NQ01 1
0363NQ02 1
0363NQ03 1
0363NQ04 1
0363NQ05 1
0363NQ06 1
0363NQ07 1
0363NQ08 1
0363NQ09 1
0363NQ10 1
0363SA-- 1
0363SA01 1
0363SA02 1
0363SB-- 1
0363SB01 1
0363SB02 1
0363SB03 1
0363SB04 1
0363SB05 1
0363SB06 1
0363SC-- 1
0363SC01 1
0363SC02 1
0363SC03 1
0363SC04 1
0363SC05 1
0363SC06 1
0363SD-- 1
0363SD01 1
0363SD02 1
0363SD03 1
0363SD04 1
0363SD05 1
0363SD06 1
0363SE-- 1
0363SE01 1
0363SE02 1
0363SE03 1
0363SE04 1
0363TA-- 1
0363TA01 1
0363TA02 1
0363TA03 1
0363TA04 1
0363TA05 1
0363TA06 1
0363TA07 1
0363TB-- 1
0363TB01 1
0363TB02 1
0363TC-- 1
0363TC01 1
0363TC02 1
0363TC03 1
0363TC04 1
0363TC05 1
0363TD-- 1
0363TD01 1
0363TD02 1
0363TD03 1
0363TD04 1
0363TE-- 1
0363TE01 1
0363TE02 1
0363TE03 1
0363TF-- 1
0363TF01 1
0363TF02 1
0363TF03 1
0363TG-- 1
0363TG01 1
0363TG02 1
0363TG03 1
0363TH-- 1
0363TH01 1
0363TH02 1
0363TH03 1
0363TH04 1
0363TH05 1
0363TJ-- 1
0363TJ01 1
0363TJ02 1
0363TJ03 1
0363TK-- 1
0363TK01 1
0363TK02 1
0363TK03 1
0363TL-- 1
0363TL01 1
0363TL02 1
0363TL03 1
0363TL04 1
0363TM-- 1
0363TM01 1
0363TM02 1
0363TM03 1
0363TM04 1
0373---- 1
037301-- 1
03730101 1
03730102 1
03730103 1
03730104 1
03730105 1
03730106 1
03730107 1
03730108 1
03730109 1
03730110 1
03730111 1
03730112 1
03730113 1
03730114 1
03730115 1
03730116 1
03730117 1
037302-- 1
03730200 1
037303-- 1
03730300 1
037304-- 1
03730400 1
03730401 1
03730402 1
03730403 1
037305-- 1
03730500 1
03730501 1
037306-- 1
03730600 1
03730601 1
03730602 1
03730609 1
037307-- 1
03730700 1
03730701 1
03730702 1
03730703 1
03730704 1
03730705 1
03730709 1
0375---- 1
037500-- 1
03750000 1
03750001 1
03750002 1
03750003 1
03750004 1
03750005 1
037501-- 1
03750100 1
03750101 1
03750102 1
037502-- 1
03750200 1
03750201 1
03750202 1
037503-- 1
03750300 1
03750301 1
03750302 1
03750303 1
037504-- 1
03750400 1
03750401 1
037505-- 1
03750500 1
03750501 1
03750502 1
037506-- 1
03750600 1
03750601 1
037507-- 1
03750700 1
03750701 1
03750702 1
03750703 1
037508-- 1
03750800 1
03750801 1
037509-- 1
03750900 1
03750901 1
03750902 1
037510-- 1
03751000 1
03751001 1
03751002 1
03751003 1
0376---- 1
037601-- 1
03760101 1
03760102 1
03760103 1
03760104 1
03760105 1
03760106 1
03760107 1
03760108 1
03760109 1
0377---- 1
037700-- 1
03770000 1
03770001 1
03770002 1
03770003 1
03770004 1
03770005 1
03770009 1
037701-- 1
03770100 1
03770101 1
03770109 1
037702-- 1
03770200 1
03770201 1
03770202 1
03770209 1
037703-- 1
03770300 1
03770309 1
037704-- 1
03770400 1
03770401 1
03770402 1
03770403 1
03770404 1
03770409 1
0383---- 1
038300-- 1
03830001 1
03830011 1
038301-- 1
03830101 1
03830111 1
038302-- 1
03830201 1
03830211 1
03830221 1
038303-- 1
03830301 1
03830311 1
038304-- 1
03830401 1
03830411 1
03830421 1
03830431 1
038305-- 1
03830501 1
03830511 1
038306-- 1
03830601 1
038307-- 1
03830701 1
03830711 1
03830721 1
0384---- 1
038401-- 1
03840101 1
03840102 1
03840103 1
03840104 1
03840105 1
03840106 1
038402-- 1
03840201 1
03840202 1
03840203 1
03840204 1
03840205 1
03840206 1
03840207 1
03840208 1
038403-- 1
03840301 1
03840302 1
03840303 1
03840304 1
03840305 1
03840306 1
03840307 1
03840308 1
038404-- 1
03840401 1
038405-- 1
03840501 1
03840502 1
03840503 1
03840504 1
038406-- 1
03840601 1
03840602 1
03840603 1
038407-- 1
03840701 1
03840702 1
03840703 1
038408-- 1
03840801 1
03840802 1
03840803 1
03840804 1
0385---- 1
038500-- 1
03850001 1
03850002 1
03850003 1
03850004 1
03850005 1
03850006 1
03850007 1
03850008 1
038501-- 1
03850101 1
038502-- 1
03850201 1
03850202 1
03850203 1
03850204 1
03850205 1
03850206 1
03850207 1
03850208 1
03850209 1
03850210 1
03850211 1
03850212 1
038503-- 1
03850301 1
038504-- 1
03850401 1
03850402 1
038505-- 1
03850501 1
038506-- 1
03850601 1
038507-- 1
03850701 1
038508-- 1
03850801 1
038509-- 1
03850901 1
0388---- 1
038800-- 1
03880001 1
03880002 1
03880003 1
03880004 1
038801-- 1
03880101 1
03880102 1
03880103 1
03880104 1
03880105 1
03880106 1
03880107 1
03880108 1
038802-- 1
03880201 1
038803-- 1
03880301 1
03880302 1
03880303 1
03880304 1
038810-- 1
03881001 1
03881002 1
0392---- 1
039201-- 1
03920101 1
03920102 1
03920103 1
03920104 1
03920105 1
03920106 1
039202-- 1
03920201 1
03920202 1
03920203 1
03920204 1
03920205 1
03920206 1
03920207 1
03920208 1
039203-- 1
03920301 1
03920302 1
03920303 1
03920304 1
039204-- 1
03920401 1
03920402 1
03920403 1
03920404 1
03920405 1
039205-- 1
03920501 1
03920502 1
03920503 1
03920504 1
03920505 1
03920506 1
039206-- 1
03920601 1
03920602 1
03920603 1
039207-- 1
03920701 1
03920702 1
03920703 1
03920704 1
039208-- 1
03920801 1
03920802 1
03920803 1
03920804 1
039209-- 1
03920901 1
03920902 1
03920903 1
03920904 1
03920905 1
03920906 1
039210-- 1
03921001 1
03921002 1
03921003 1
03921004 1
03921005 1
039211-- 1
03921101 1
03921102 1
03921103 1
03921104 1
03921105 1
039212-- 1
03921201 1
03921202 1
03921203 1
03921204 1
03921205 1
03921206 1
03921207 1
039213-- 1
03921301 1
03921302 1
03921303 1
03921304 1
03921305 1
03921306 1
03921307 1
039214-- 1
03921401 1
03921402 1
03921403 1
03921404 1
039215-- 1
03921501 1
03921502 1
03921503 1
039216-- 1
03921601 1
03921602 1
03921603 1
03921604 1
03921605 1
039217-- 1
03921701 1
03921702 1
039218-- 1
03921801 1
03921802 1
03921803 1
03921804 1
03921805 1
03921806 1
03921807 1
039219-- 1
03921901 1
03921902 1
03921903 1
03921904 1
03921905 1
03921906 1
039220-- 1
03922001 1
03922002 1
03922003 1
03922004 1
03922005 1
03922006 1
03922007 1
039221-- 1
03922101 1
03922102 1
03922103 1
03922104 1
03922105 1
03922106 1
03922107 1
0394---- 1
039401-- 1
03940101 1
03940102 1
03940103 1
03940104 1
03940105 1
03940106 1
03940107 1
03940108 1
03940109 1
03940110 1
03940111 1
03940112 1
03940113 1
03940114 1
03940115 1
03940116 1
03940117 1
03940118 1
03940119 1
03940122 1
03940123 1
03940124 1
03940125 1
03940126 1
03940127 1
039402-- 1
03940230 1
03940231 1
03940232 1
03940233 1
03940234 1
03940235 1
03940236 1
03940237 1
03940239 1
03940240 1
03940241 1
039403-- 1
03940343 1
03940344 1
03940345 1
03940346 1
03940347 1
03940348 1
03940349 1
03940350 1
039404-- 1
03940429 1
03940465 1
03940466 1
039405-- 1
03940551 1
03940552 1
03940553 1
03940554 1
03940556 1
03940557 1
03940558 1
03940559 1
03940560 1
03940561 1
03940562 1
03940564 1
039406-- 1
03940674 1
03940675 1
03940676 1
03940677 1
03940678 1
039407-- 1
03940779 1
03940780 1
03940781 1
03940782 1
039408-- 1
03940883 1
03940884 1
03940885 1
039409-- 1
03940986 1
03940987 1
03940988 1
03940989 1
039410-- 1
03941090 1
03941091 1
039411-- 1
03941192 1
03941193 1
039412-- 1
03941294 1
03941295 1
039413-- 1
03941397 1
03941398 1
03941399 1
039415-- 1
03941567 1
03941569 1
03941570 1
03941571 1
039416-- 1
03941663 1
039420-- 1
03942038 1
03942042 1
03942096 1
039421-- 1
03942120 1
03942121 1
03942128 1
039422-- 1
03942272 1
03942273 1
0396---- 1
039601-- 1
03960100 1
03960101 1
039602-- 1
03960200 1
03960201 1
03960202 1
039603-- 1
03960300 1
03960301 1
03960302 1
03960303 1
039604-- 1
03960400 1
03960401 1
03960402 1
03960403 1
03960404 1
03960408 1
03960409 1
039605-- 1
03960500 1
03960501 1
03960502 1
03960503 1
039606-- 1
03960600 1
03960601 1
03960602 1
03960603 1
03960604 1
03960605 1
03960607 1
039607-- 1
03960700 1
03960701 1
03960702 1
039608-- 1
03960800 1
03960801 1
03960802 1
039609-- 1
03960900 1
03960901 1
039610-- 1
03961001 1
03961002 1
039611-- 1
03961100 1
0397---- 1
039700-- 1
03970000 1
03970001 1
03970002 1
03970003 1
03970004 1
03970005 1
03970006 1
03970007 1
03970008 1
03970009 1
039701-- 1
03970100 1
03970101 1
03970102 1
039702-- 1
03970200 1
0399---- 1
039901-- 1
03990101 1
039902-- 1
03990201 1
03990202 1
039903-- 1
03990301 1
03990302 1
03990303 1
03990304 1
039904-- 1
03990401 1
03990402 1
039905-- 1
03990501 1
03990502 1
03990503 1
03990504 1
039906-- 1
03990601 1
03990602 1
03990603 1
03990604 1
039907-- 1
03990701 1
039908-- 1
03990801 1
03990802 1
0400---- 1
040001-- 1
04000100 1
04000101 1
04000102 1
04000103 1
04000104 1
04000105 1
04000106 1
04000107 1
04000108 1
04000109 1
040002-- 1
04000200 1
04000201 1
04000202 1
04000203 1
04000204 1
04000205 1
04000206 1
04000207 1
04000208 1
040003-- 1
04000300 1
04000301 1
04000302 1
04000303 1
04000304 1
040004-- 1
04000400 1
04000401 1
04000402 1
04000403 1
04000404 1
04000405 1
04000406 1
04000407 1
04000408 1
04000409 1
040005-- 1
04000500 1
04000501 1
04000502 1
04000503 1
04000504 1
04000505 1
04000506 1
04000507 1
04000508 1
04000509 1
040006-- 1
04000600 1
04000601 1
04000602 1
04000603 1
04000604 1
04000605 1
04000606 1
04000607 1
040007-- 1
04000700 1
04000701 1
04000702 1
040008-- 1
04000800 1
04000801 1
04000802 1
04000803 1
04000804 1
04000805 1
04000806 1
04000807 1
04000808 1
04000809 1
0402---- 1
040201-- 1
04020101 1
04020102 1
04020103 1
04020104 1
040202-- 1
04020201 1
04020202 1
04020203 1
04020204 1
04020205 1
04020206 1
040203-- 1
04020301 1
04020302 1
04020303 1
04020304 1
040204-- 1
04020401 1
04020402 1
04020403 1
04020404 1
04020405 1
040205-- 1
04020501 1
04020502 1
04020503 1
04020504 1
04020505 1
04020506 1
040206-- 1
04020601 1
04020602 1
04020603 1
04020604 1
04020605 1
04020606 1
040207-- 1
04020701 1
04020702 1
04020703 1
04020704 1
040208-- 1
04020801 1
040209-- 1
04020901 1
04020902 1
04020903 1
04020904 1
04020905 1
04020906 1
04020907 1
0405---- 1
040510-- 1
04051000 1
04051001 1
04051002 1
04051003 1
040511-- 1
04051100 1
04051101 1
04051102 1
04051103 1
040512-- 1
04051200 1
04051201 1
04051202 1
04051203 1
04051204 1
040513-- 1
04051300 1
04051301 1
04051302 1
04051303 1
04051304 1
04051305 1
04051306 1
04051307 1
04051308 1
040520-- 1
04052000 1
04052001 1
04052002 1
04052003 1
04052004 1
04052005 1
04052006 1
04052007 1
04052008 1
040521-- 1
04052100 1
04052101 1
04052102 1
04052103 1
04052104 1
04052105 1
040522-- 1
04052200 1
04052201 1
040530-- 1
04053000 1
04053001 1
04053002 1
04053004 1
04053005 1
04053006 1
040531-- 1
04053100 1
04053101 1
04053102 1
04053103 1
04053104 1
040532-- 1
04053200 1
04053201 1
04053202 1
04053203 1
040533-- 1
04053300 1
04053301 1
04053302 1
04053303 1
04053304 1
04053305 1
04053306 1
04053307 1
04053308 1
04053309 1
040534-- 1
04053400 1
04053401 1
04053402 1
040535-- 1
04053501 1
04053502 1
04053503 1
04053504 1
04053505 1
04053506 1
040536-- 1
04053600 1
0406---- 1
040600-- 1
04060001 1
04060002 1
040601-- 1
04060103 1
040602-- 1
04060204 1
04060205 1
04060206 1
040603-- 1
04060307 1
04060308 1
04060327 1
04060328 1
04060329 1
04060330 1
040604-- 1
04060409 1
04060410 1
040605-- 1
04060511 1
04060512 1
04060513 1
040606-- 1
04060614 1
04060615 1
040607-- 1
04060716 1
040608-- 1
04060817 1
04060818 1
040609-- 1
04060919 1
040610-- 1
04061020 1
04061021 1
040611-- 1
04061123 1
04061124 1
04061125 1
040612-- 1
04061226 1
04061231 1
0415---- 1
041501-- 1
04150101 1
041502-- 1
04150201 1
041503-- 1
04150301 1
04150302 1
04150303 1
04150304 1
04150305 1
04150306 1
04150307 1
04150308 1
0417---- 1
041703-- 1
04170320 1
04170321 1
04170322 1
04170323 1
04170324 1
04170325 1
04170326 1
04170327 1
04170328 1
04170329 1
0420---- 1
042001-- 1
04200101 1
04200102 1
04200103 1
04200104 1
04200105 1
04200106 1
04200107 1
04200108 1
04200109 1
04200110 1
042002-- 1
04200201 1
04200202 1
042003-- 1
04200301 1
04200302 1
042004-- 1
04200401 1
042005-- 1
04200501 1
04200502 1
042006-- 1
04200601 1
04200602 1
042007-- 1
04200701 1
04200702 1
042008-- 1
04200801 1
04200802 1
04200803 1
04200804 1
04200805 1
04200806 1
04200807 1
04200808 1
04200809 1
042009-- 1
04200901 1
04200902 1
042010-- 1
04201001 1
04201002 1
04201003 1
042011-- 1
04201101 1
04201102 1
042012-- 1
04201201 1
04201202 1
042013-- 1
04201301 1
042014-- 1
04201401 1
04201402 1
04201403 1
042015-- 1
04201501 1
04201502 1
04201503 1
04201504 1
04201505 1
04201506 1
04201507 1
04201508 1
042016-- 1
04201601 1
04201602 1
04201603 1
04201604 1
04201605 1
04201606 1
04201607 1
04201608 1
04201609 1
04201610 1
0431---- 1
043100-- 1
04310000 1
04310001 1
04310002 1
04310003 1
0432---- 1
043201-- 1
04320101 1
04320102 1
04320103 1
04320104 1
04320105 1
04320106 1
04320107 1
04320108 1
04320109 1
04320110 1
04320111 1
04320112 1
043202-- 1
04320201 1
04320202 1
04320203 1
04320204 1
04320205 1
04320206 1
04320207 1
04320208 1
04320209 1
04320210 1
04320211 1
04320212 1
043203-- 1
04320301 1
04320302 1
04320303 1
04320304 1
04320305 1
04320306 1
04320307 1
04320308 1
04320309 1
04320310 1
04320311 1
04320312 1
04320313 1
04320314 1
04320315 1
043204-- 1
04320401 1
04320402 1
04320403 1
04320404 1
043205-- 1
04320501 1
04320503 1
04320504 1
0437---- 1
043700-- 1
04370000 1
04370001 1
04370002 1
04370006 1
04370007 1
04370008 1
04370009 1
0439---- 1
043901-- 1
04390101 1
04390102 1
04390103 1
043902-- 1
04390201 1
04390202 1
04390203 1
04390204 1
04390205 1
043903-- 1
04390301 1
04390302 1
04390303 1
043904-- 1
04390401 1
04390402 1
043905-- 1
04390501 1
04390502 1
04390503 1
04390504 1
04390505 1
04390506 1
043906-- 1
04390601 1
04390602 1
04390603 1
043907-- 1
04390701 1
04390702 1
04390703 1
04390704 1
04390705 1
043908-- 1
04390801 1
04390802 1
04390803 1
04390804 1
0441---- 1
044101-- 1
04410101 1
04410190 1
04410191 1
04410192 1
044102-- 1
04410201 1
04410202 1
04410280 1
04410290 1
044103-- 1
04410301 1
04410390 1
04410391 1
044104-- 1
04410401 1
04410402 1
04410490 1
04410491 1
04410492 1
04410493 1
04410494 1
044105-- 1
04410501 1
04410502 1
04410503 1
04410504 1
04410505 1
04410506 1
04410580 1
04410581 1
04410590 1
04410591 1
044106-- 1
04410601 1
04410602 1
04410603 1
04410690 1
044107-- 1
04410701 1
04410790 1
044108-- 1
04410801 1
04410880 1
04410890 1
044109-- 1
04410901 1
04410990 1
044110-- 1
04411001 1
04411002 1
044111-- 1
04411101 1
04411102 1
04411103 1
04411170 1
04411180 1
04411190 1
044112-- 1
04411201 1
04411290 1
044113-- 1
04411301 1
04411302 1
04411380 1
04411390 1
04411391 1
044114-- 1
04411401 1
04411470 1
04411471 1
04411490 1
044115-- 1
04411501 1
04411502 1
04411570 1
04411590 1
04411591 1
04411592 1
044116-- 1
04411601 1
04411602 1
04411603 1
04411680 1
04411690 1
04411691 1
044117-- 1
04411701 1
04411702 1
04411703 1
04411790 1
044118-- 1
04411801 1
04411802 1
04411803 1
04411890 1
0448---- 1
044800-- 1
04480000 1
04480001 1
04480002 1
04480003 1
04480004 1
04480005 1
04480007 1
04480008 1
04480009 1
044801-- 1
04480100 1
04480107 1
04480108 1
04480109 1
0450---- 1
045000-- 1
04500001 1
04500002 1
04500003 1
04500004 1
04500005 1
04500006 1
0451---- 1
045115-- 1
04511500 1
045125-- 1
04512500 1
045135-- 1
04513500 1
045145-- 1
04514500 1
045150-- 1
04515000 1
045155-- 1
04515500 1
045165-- 1
04516500 1
045175-- 1
04517500 1
045185-- 1
04518500 1
045190-- 1
04519000 1
045195-- 1
04519500 1
0453---- 1
045300-- 1
04530000 1
04530001 1
04530002 1
04530003 1
04530004 1
04530005 1
045301-- 1
04530100 1
04530101 1
04530102 1
04530103 1
04530104 1
04530105 1
04530106 1
045302-- 1
04530200 1
04530201 1
04530202 1
04530203 1
04530204 1
04530205 1
04530206 1
045303-- 1
04530300 1
04530301 1
04530302 1
04530303 1
045304-- 1
04530400 1
04530401 1
04530402 1
04530403 1
04530404 1
04530405 1
04530406 1
045305-- 1
04530500 1
04530501 1
04530502 1
04530503 1
04530504 1
04530505 1
04530506 1
04530507 1
045306-- 1
04530600 1
04530601 1
04530602 1
04530603 1
04530604 1
04530605 1
04530606 1
04530607 1
04530608 1
045307-- 1
04530700 1
04530701 1
04530702 1
04530703 1
045308-- 1
04530800 1
04530801 1
04530802 1
04530803 1
04530804 1
04530805 1
04530806 1
04530807 1
04530808 1
045309-- 1
04530900 1
04530901 1
0473---- 1
047301-- 1
04730101 1
04730102 1
04730103 1
04730104 1
04730105 1
04730106 1
04730107 1
047302-- 1
04730201 1
04730202 1
04730203 1
04730204 1
04730205 1
04730206 1
047303-- 1
04730301 1
04730302 1
047304-- 1
04730401 1
04730402 1
04730403 1
04730404 1
0479---- 1
047911-- 1
04791111 1
04791112 1
04791121 1
04791122 1
04791131 1
04791132 1
047912-- 1
04791211 1
04791212 1
04791213 1
047913-- 1
04791311 1
04791312 1
04791321 1
04791322 1
047914-- 1
04791411 1
04791412 1
047915-- 1
04791511 1
04791512 1
04791521 1
04791522 1
047916-- 1
04791611 1
04791612 1
04791620 1
047921-- 1
04792111 1
04792112 1
04792121 1
04792122 1
04792130 1
04792140 1
047922-- 1
04792210 1
04792220 1
04792230 1
047923-- 1
04792311 1
04792312 1
04792313 1
04792314 1
04792321 1
04792322 1
04792323 1
047931-- 1
04793110 1
047932-- 1
04793211 1
04793212 1
04793213 1
047941-- 1
04794110 1
047942-- 1
04794211 1
04794212 1
04794213 1
047951-- 1
04795110 1
04795120 1
04795131 1
04795132 1
04795133 1
04795140 1
04795150 1
04795160 1
047961-- 1
04796110 1
04796120 1
04796130 1
04796140 1
047962-- 1
04796210 1
04796220 1
04796230 1
04796240 1
047971-- 1
04797110 1
04797120 1
04797130 1
047972-- 1
04797211 1
04797212 1
04797213 1
04797221 1
04797222 1
04797231 1
04797232 1
04797233 1
04797234 1
047981-- 1
04798110 1
04798120 1
04798130 1
04798140 1
04798150 1
0482---- 1
048201-- 1
04820101 1
04820102 1
04820103 1
04820104 1
04820105 1
048202-- 1
04820201 1
04820202 1
04820203 1
04820204 1
04820205 1
04820206 1
048203-- 1
04820301 1
04820302 1
04820303 1
04820304 1
04820305 1
04820306 1
04820307 1
048204-- 1
04820401 1
04820402 1
04820403 1
04820404 1
048205-- 1
04820501 1
04820502 1
04820503 1
048206-- 1
04820601 1
04820602 1
04820603 1
04820604 1
0484---- 1
048401-- 1
04840101 1
04840102 1
04840103 1
04840104 1
04840105 1
04840106 1
04840107 1
04840108 1
04840109 1
04840110 1
04840111 1
048402-- 1
04840201 1
04840202 1
04840203 1
04840204 1
04840205 1
04840206 1
04840207 1
04840208 1
04840209 1
04840210 1
04840211 1
048403-- 1
04840301 1
04840302 1
04840303 1
04840304 1
04840305 1
04840306 1
04840307 1
048404-- 1
04840401 1
04840402 1
04840403 1
04840404 1
04840405 1
048405-- 1
04840501 1
04840502 1
04840503 1
04840504 1
04840505 1
04840506 1
048406-- 1
04840601 1
04840602 1
04840603 1
04840604 1
04840605 1
048407-- 1
04840701 1
04840702 1
048408-- 1
04840801 1
04840802 1
04840803 1
04840804 1
04840805 1
04840806 1
04840807 1
04840808 1
04840809 1
04840810 1
04840811 1
04840812 1
04840813 1
048409-- 1
04840901 1
048431-- 1
04843101 1
04843102 1
04843103 1
04843104 1
048445-- 1
04844501 1
04844502 1
04844503 1
04844504 1
048470-- 1
04847001 1
04847002 1
04847003 1
04847004 1
04847005 1
04847006 1
04847007 1
04847008 1
04847009 1
04847010 1
04847011 1
04847012 1
04847013 1
04847014 1
04847015 1
048471-- 1
04847101 1
04847102 1
04847103 1
048491-- 1
04849101 1
04849102 1
04849103 1
04849104 1
04849105 1
048494-- 1
04849401 1
04849402 1
04849403 1
04849404 1
048496-- 1
04849601 1
04849602 1
04849603 1
04849604 1
0489---- 1
048901-- 1
04890101 1
04890102 1
04890103 1
048902-- 1
04890204 1
04890205 1
04890206 1
04890207 1
048903-- 1
04890308 1
048904-- 1
04890409 1
04890410 1
048905-- 1
04890511 1
04890512 1
04890513 1
048906-- 1
04890614 1
048907-- 1
04890715 1
048908-- 1
04890816 1
04890817 1
048909-- 1
04890918 1
04890919 1
04890920 1
04890921 1
04890922 1
048910-- 1
04891023 1
048911-- 1
04891124 1
048912-- 1
04891225 1
04891226 1
04891227 1
048913-- 1
04891328 1
048914-- 1
04891429 1
04891430 1
04891431 1
04891432 1
048915-- 1
04891533 1
048916-- 1
04891634 1
048917-- 1
04891735 1
048918-- 1
04891836 1
048919-- 1
04891937 1
048920-- 1
04892039 1
048930-- 1
04893050 1
04893051 1
04893052 1
04893053 1
04893054 1
048931-- 1
04893160 1
04893161 1
04893162 1
04893163 1
04893164 1
048950-- 1
04895070 1
04895071 1
04895072 1
04895073 1
04895074 1
04895075 1
04895076 1
04895077 1
04895078 1
04895080 1
04895081 1
04895082 1
04895083 1
04895084 1
0498---- 1
049800-- 1
04980000 1
04980001 1
04980002 1
04980003 1
04980004 1
04980005 1
04980006 1
04980007 1
04980008 1
04980009 1
04980010 1
049801-- 1
04980100 1
04980101 1
04980109 1
049802-- 1
04980200 1
049803-- 1
04980300 1
04980301 1
04980306 1
04980308 1
04980309 1
049804-- 1
04980400 1
04980401 1
049805-- 1
04980500 1
049806-- 1
04980600 1
04980601 1
04980602 1
049807-- 1
04980700 1
0502---- 1
050201-- 1
05020110 1
05020111 1
05020112 1
05020113 1
05020114 1
05020115 1
05020116 1
05020117 1
05020118 1
05020119 1
050202-- 1
05020223 1
05020224 1
05020225 1
05020226 1
05020227 1
05020228 1
05020229 1
050203-- 1
05020332 1
05020333 1
05020334 1
05020335 1
05020336 1
05020337 1
05020338 1
050204-- 1
05020441 1
05020442 1
05020443 1
05020444 1
05020445 1
05020446 1
05020447 1
05020448 1
05020449 1
050205-- 1
05020551 1
05020552 1
05020553 1
05020554 1
05020555 1
05020556 1
05020557 1
050206-- 1
05020621 1
05020622 1
05020631 1
05020658 1
05020659 1
05020661 1
05020662 1
05020663 1
05020664 1
05020665 1
05020666 1
050207-- 1
05020770 1
05020771 1
05020772 1
05020773 1
05020774 1
05020775 1
05020776 1
05020777 1
05020778 1
05020779 1
050208-- 1
05020880 1
05020881 1
05020882 1
05020883 1
05020884 1
05020885 1
05020886 1
05020887 1
05020888 1
05020889 1
050209-- 1
05020991 1
05020992 1
05020993 1
05020994 1
05020995 1
05020996 1
05020997 1
05020998 1
0503---- 1
050311-- 1
05031100 1
05031101 1
05031102 1
05031103 1
05031104 1
05031105 1
05031106 1
05031107 1
05031108 1
05031109 1
050312-- 1
05031200 1
05031201 1
05031202 1
05031203 1
05031204 1
05031205 1
05031206 1
05031207 1
05031208 1
050313-- 1
05031300 1
05031301 1
05031302 1
05031303 1
05031304 1
05031305 1
05031306 1
05031307 1
050314-- 1
05031400 1
05031401 1
05031402 1
05031403 1
05031404 1
05031405 1
05031406 1
05031407 1
050316-- 1
05031600 1
05031601 1
05031602 1
05031603 1
05031604 1
050322-- 1
05032200 1
05032201 1
05032202 1
05032203 1
05032204 1
05032205 1
050323-- 1
05032300 1
05032301 1
05032302 1
05032303 1
05032304 1
05032305 1
050324-- 1
05032400 1
05032401 1
05032402 1
05032403 1
05032404 1
05032405 1
05032406 1
05032407 1
05032408 1
050325-- 1
05032500 1
05032501 1
05032502 1
05032503 1
05032504 1
05032505 1
05032506 1
05032507 1
05032508 1
05032509 1
05032510 1
050326-- 1
05032600 1
050327-- 1
05032700 1
05032702 1
05032703 1
05032704 1
050328-- 1
05032800 1
05032801 1
05032802 1
05032803 1
05032804 1
05032805 1
05032806 1
05032807 1
05032808 1
05032809 1
05032810 1
050329-- 1
05032900 1
05032901 1
05032902 1
0505---- 1
050501-- 1
05050100 1
05050101 1
05050102 1
05050103 1
05050104 1
05050105 1
05050106 1
05050107 1
05050108 1
05050109 1
05050110 1
05050111 1
05050112 1
05050113 1
05050114 1
050502-- 1
05050200 1
05050201 1
05050202 1
05050203 1
05050204 1
05050205 1
05050206 1
050503-- 1
05050300 1
05050301 1
05050302 1
05050303 1
05050304 1
05050305 1
05050306 1
05050307 1
050504-- 1
05050400 1
05050401 1
05050402 1
05050403 1
05050404 1
05050405 1
05050406 1
050505-- 1
05050500 1
05050501 1
05050502 1
05050503 1
05050504 1
05050505 1
05050506 1
05050507 1
05050508 1
05050509 1
05050510 1
050506-- 1
05050600 1
05050601 1
05050602 1
05050603 1
05050604 1
05050605 1
05050606 1
05050607 1
05050608 1
050507-- 1
05050700 1
05050701 1
05050702 1
05050703 1
05050704 1
05050705 1
05050706 1
05050707 1
05050708 1
05050709 1
05050710 1
05050711 1
050508-- 1
05050800 1
05050801 1
05050802 1
050509-- 1
05050900 1
05050901 1
05050902 1
05050903 1
05050904 1
05050905 1
05050906 1
05050907 1
05050908 1
05050909 1
05050910 1
050510-- 1
05051000 1
05051001 1
05051002 1
05051003 1
05051004 1
05051005 1
05051006 1
05051007 1
05051008 1
05051009 1
05051010 1
05051011 1
05051012 1
05051013 1
050511-- 1
05051100 1
05051101 1
05051102 1
05051103 1
05051104 1
05051105 1
05051106 1
05051107 1
05051108 1
05051109 1
05051110 1
05051111 1
05051112 1
050519-- 1
05051900 1
05051901 1
05051902 1
05051903 1
05051904 1
05051905 1
05051906 1
05051907 1
05051909 1
05051910 1
05051911 1
05051912 1
05051914 1
05051915 1
05051916 1
05051917 1
05051918 1
05051919 1
050598-- 1
05059800 1
05059801 1
05059804 1
05059805 1
0512---- 1
051201-- 1
05120101 1
05120102 1
051202-- 1
05120200 1
051203-- 1
05120300 1
051204-- 1
05120403 1
05120404 1
051205-- 1
05120500 1
051206-- 1
05120600 1
051207-- 1
05120700 1
051208-- 1
05120800 1
051209-- 1
05120900 1
051210-- 1
05121000 1
051211-- 1
05121105 1
05121106 1
05121107 1
05121108 1
051212-- 1
05121200 1
051213-- 1
05121300 1
051214-- 1
05121409 1
05121410 1
05121411 1
051215-- 1
05121500 1
051216-- 1
05121600 1
051217-- 1
05121700 1
051218-- 1
05121800 1
051219-- 1
05121900 1
051220-- 1
05122000 1
051221-- 1
05122100 1
0513---- 1
051301-- 1
05130100 1
05130101 1
05130102 1
05130103 1
05130104 1
05130105 1
051302-- 1
05130200 1
05130201 1
05130202 1
05130203 1
05130204 1
051303-- 1
05130300 1
05130301 1
05130302 1
05130303 1
05130304 1
05130305 1
051304-- 1
05130400 1
05130401 1
05130402 1
05130403 1
05130404 1
05130405 1
05130406 1
05130407 1
051305-- 1
05130500 1
05130501 1
05130502 1
05130503 1
05130504 1
05130505 1
05130509 1
051306-- 1
05130600 1
05130601 1
05130602 1
05130603 1
05130604 1
051307-- 1
05130700 1
05130701 1
05130702 1
05130703 1
05130704 1
05130705 1
051308-- 1
05130800 1
05130809 1
051309-- 1
05130900 1
05130901 1
05130902 1
05130903 3
05130904 3
05130905 3
05130906 3
05130907 3
05130909 3
0518---- 1
051801-- 1
05180170 1
051802-- 1
05180271 1
051803-- 1
05180373 1
05180374 1
051804-- 1
05180448 1
05180475 1
05180476 1
05180477 1
05180478 1
05180479 1
051805-- 1
05180546 1
051806-- 1
05180605 1
051807-- 1
05180701 1
05180702 1
05180703 1
05180704 1
05180772 1
051808-- 1
05180800 1
051809-- 1
05180907 1
05180908 1
051810-- 1
05181041 1
051811-- 1
05181142 1
05181143 1
051812-- 1
05181250 1
05181251 1
05181252 1
051813-- 1
05181309 1
051814-- 1
05181481 1
05181492 1
051815-- 1
05181590 1
05181591 1
051816-- 1
05181697 1
051817-- 1
05181785 1
05181786 1
05181795 1
051818-- 1
05181806 1
05181840 1
05181882 1
05181893 1
05181894 1
051819-- 1
05181953 1
05181983 1
051820-- 1
05182054 1
05182055 1
051821-- 1
05182110 1
05182144 1
051822-- 1
05182245 1
051823-- 1
05182347 1
051824-- 1
05182449 1
051825-- 1
05182561 1
05182567 1
05182568 1
05182569 1
051826-- 1
05182664 1
05182665 1
05182666 1
051827-- 1
05182718 1
05182762 1
05182763 1
051828-- 1
05182811 1
05182812 1
05182813 1
05182814 1
051829-- 1
05182915 1
05182916 1
05182917 1
051830-- 1
05183032 1
05183033 1
05183034 1
051831-- 1
05183130 1
05183131 1
05183135 1
051832-- 1
05183284 1
051833-- 1
05183387 1
05183396 1
05183398 1
05183399 1
051834-- 1
05183480 1
05183488 1
05183489 1
051835-- 1
05183536 1
051836-- 1
05183620 1
05183637 1
05183638 1
05183639 1
051837-- 1
05183721 1
051838-- 1
05183819 1
05183822 1
05183823 1
05183824 1
05183825 1
05183826 1
051839-- 1
05183960 1
051840-- 1
05184001 1
05184002 1
05184003 1
05184004 1
05184005 1
051841-- 1
05184106 1
05184107 1
05184110 1
051842-- 1
05184208 1
05184209 1
05184211 1
05184212 1
05184213 1
05184214 1
05184215 1
051843-- 1
05184316 1
05184317 1
051844-- 1
05184418 1
05184419 1
05184420 1
05184421 1
0523---- 1
052301-- 1
05230101 1
05230102 1
05230103 1
05230104 1
05230105 1
05230106 1
05230107 1
05230108 1
052302-- 1
05230201 1
05230202 1
052303-- 1
05230301 1
05230302 1
05230303 1
05230304 1
05230305 1
05230306 1
05230307 1
05230308 1
05230309 1
05230310 1
052304-- 1
05230401 1
05230402 1
05230403 1
05230404 1
05230405 1
0531---- 1
053101-- 1
05310101 1
05310102 1
05310103 1
053102-- 1
05310201 1
05310202 1
05310203 1
05310204 1
053103-- 1
05310301 1
05310302 1
053104-- 1
05310400 1
053105-- 1
05310501 1
05310502 1
0532---- 1
053201-- 1
05320101 1
05320102 1
05320103 1
053202-- 1
05320201 1
05320202 1
05320203 1
05320204 1
05320205 1
05320206 1
05320207 1
05320208 1
05320209 1
05320210 1
05320211 1
053203-- 1
05320301 1
05320302 1
05320303 1
05320304 1
05320305 1
05320306 1
05320307 1
05320308 1
05320309 1
05320310 1
05320311 1
05320312 1
0534---- 1
053401-- 1
05340101 1
05340102 1
05340103 1
05340104 1
05340105 1
053402-- 1
05340201 1
05340202 1
05340203 1
05340204 1
05340205 1
05340206 1
053403-- 1
05340301 1
05340302 1
05340303 1
05340304 1
05340305 1
05340306 1
053404-- 1
05340401 1
05340402 1
053405-- 1
05340501 1
05340502 1
05340503 1
0537---- 1
053701-- 1
05370101 1
05370102 1
05370103 1
05370104 1
05370105 1
05370106 1
053702-- 1
05370201 1
05370202 1
053703-- 1
05370301 1
05370302 1
05370303 1
05370304 1
05370305 1
05370306 1
053705-- 1
05370501 1
05370502 1
05370503 1
05370504 1
05370505 1
05370506 1
05370507 1
05370508 1
05370509 1
05370510 1
053706-- 1
05370601 1
05370602 1
05370604 1
053707-- 1
05370700 1
05370701 1
05370702 1
05370703 1
05370704 1
05370705 1
05370706 1
05370707 1
05370708 1
05370709 1
053708-- 1
05370800 1
05370801 1
05370802 1
05370808 1
05370809 1
0542---- 1
054200-- 1
05420000 1
05420001 1
05420002 1
05420003 1
05420004 1
05420005 1
0546---- 1
054600-- 1
05460000 1
05460001 1
05460002 1
05460003 1
054601-- 1
05460100 1
05460101 1
05460102 1
05460103 1
05460104 1
05460105 1
05460106 1
05460107 1
05460108 1
05460109 1
054602-- 1
05460200 1
054603-- 1
05460300 1
05460301 1
05460302 1
054604-- 1
05460400 1
05460401 1
05460402 1
05460403 1
05460404 1
05460405 1
05460406 1
05460407 1
05460408 1
05460409 1
054605-- 1
05460500 1
05460501 1
05460502 1
05460503 1
05460504 1
05460505 1
05460506 1
05460507 1
054606-- 1
05460600 1
05460601 1
05460602 1
054607-- 1
05460700 1
05460701 1
05460702 1
05460703 1
05460704 1
054608-- 1
05460800 1
05460801 1
05460802 1
05460803 1
05460804 1
05460805 1
054609-- 1
05460900 1
05460901 1
05460902 1
05460903 1
0547---- 1
054700-- 1
05470000 1
05470001 1
05470002 1
05470003 1
05470004 1
05470005 1
05470006 1
05470007 1
05470008 1
05470009 1
05470010 1
054701-- 1
05470100 1
05470101 1
05470102 1
05470103 1
054702-- 1
05470200 1
05470201 1
05470202 1
05470203 1
05470204 1
0553---- 1
055301-- 1
05530101 1
05530102 1
05530103 1
05530104 1
05530105 1
055302-- 1
05530201 1
05530202 1
05530203 1
05530204 1
05530205 1
055303-- 1
05530301 1
05530302 1
05530303 1
05530304 1
05530305 1
05530306 1
05530307 1
055304-- 1
05530401 1
05530402 1
05530403 1
05530404 1
05530405 1
0556---- 1
055601-- 1
05560101 1
055602-- 1
05560201 1
05560202 1
05560203 1
055603-- 1
05560301 1
05560302 1
05560303 1
055604-- 1
05560401 1
05560402 1
05560403 1
05560404 1
05560405 1
055605-- 1
05560501 1
05560502 1
055606-- 1
05560601 1
05560602 1
055607-- 1
05560701 1
05560702 1
055608-- 1
05560801 1
0569---- 1
056901-- 1
05690101 1
05690102 1
05690103 1
05690104 1
05690105 1
05690106 1
056902-- 1
05690207 1
056903-- 1
05690308 1
05690309 1
056904-- 1
05690410 1
05690411 1
056905-- 1
05690512 1
05690513 1
056906-- 1
05690614 1
05690615 1
05690616 1
05690617 1
056907-- 1
05690718 1
056908-- 1
05690819 1
056909-- 1
05690920 1
05690921 1
05690922 1
05690923 1
05690924 1
05690925 1
05690926 1
05690927 1
056910-- 1
05691028 1
05691029 1
05691030 1
05691031 1
056911-- 1
05691132 1
05691133 1
05691134 1
056912-- 1
05691235 1
05691236 1
056913-- 1
05691337 1
0575---- 1
057500-- 1
05750000 1
05750001 1
05750002 1
05750003 1
05750004 1
05750005 1
05750006 1
05750007 1
057501-- 1
05750100 1
05750101 1
05750102 1
05750103 1
05750104 1
05750105 1
05750106 1
05750107 1
05750108 1
05750109 1
05750110 1
05750111 1
05750112 1
05750113 1
057502-- 1
05750200 1
05750201 1
05750202 1
05750203 1
05750204 1
05750205 1
057503-- 1
05750300 1
05750301 1
05750302 1
05750303 1
05750304 1
05750305 1
05750306 1
05750307 1
05750308 1
05750309 1
05750310 1
057504-- 1
05750400 1
05750401 1
05750402 1
057505-- 1
05750500 1
05750501 1
0579---- 1
057901-- 1
05790101 1
05790102 1
057902-- 1
05790201 1
05790202 1
05790203 1
05790204 1
05790205 1
057903-- 1
05790301 1
05790302 1
057904-- 1
05790401 1
05790402 1
05790403 1
05790404 1
057905-- 1
05790501 1
05790502 1
0589---- 1
058901-- 1
05890101 1
05890102 1
058902-- 1
05890201 1
05890202 1
05890203 1
05890204 1
05890205 1
05890206 1
05890207 1
05890208 1
05890209 1
05890210 1
05890211 1
05890212 1
05890213 1
058903-- 1
05890301 1
05890302 1
058904-- 1
05890401 1
0590---- 1
059001-- 1
05900101 1
05900102 1
05900103 1
05900104 1
05900105 1
05900106 1
05900107 1
059002-- 1
05900201 1
05900202 1
05900203 1
05900204 1
059003-- 1
05900301 1
05900302 1
05900303 1
05900304 1
059004-- 1
05900401 1
05900402 1
059005-- 1
05900501 1
05900502 1
05900503 1
05900504 1
059006-- 1
05900601 1
05900602 1
059007-- 1
05900701 1
05900702 1
05900703 1
05900704 1
05900705 1
059008-- 1
05900801 1
05900802 1
059009-- 1
05900901 1
05900902 1
05900903 1
05900904 1
0597---- 1
059701-- 1
05970100 1
059702-- 1
05970200 1
059703-- 1
05970300 1
059704-- 1
05970400 1
059705-- 1
05970500 1
059706-- 1
05970600 1
059707-- 1
05970700 1
059708-- 1
05970800 1
059709-- 1
05970900 1
059710-- 1
05971000 1
059711-- 1
05971100 1
059712-- 1
05971200 1
0599---- 1
059901-- 1
05990110 1
05990111 1
05990112 1
05990113 1
05990118 1
05990119 1
059903-- 1
05990320 1
05990321 1
05990322 1
05990323 1
05990324 1
05990325 1
05990327 1
05990328 1
05990329 1
059904-- 1
05990451 1
05990452 1
05990454 1
05990455 1
05990456 1
05990457 1
059905-- 1
05990515 1
05990516 1
05990531 1
05990532 1
05990534 1
05990535 1
05990558 1
059906-- 1
05990660 1
05990661 1
05990662 1
05990664 1
05990665 1
059908-- 1
05990814 1
05990836 1
05990837 1
05990841 1
05990842 1
05990843 1
05990845 1
05990847 1
059910-- 1
05991017 1
05991079 1
05991080 1
05991081 1
05991082 1
05991085 1
05991086 1
05991087 1
05991088 1
059912-- 1
05991283 1
05991284 1
05991289 1
05991290 1
059913-- 1
05991391 1
059914-- 1
05991444 1
05991446 1
05991448 1
05991449 1
05991463 1
05991466 1
05991467 1
05991468 1
059915-- 1
05991570 1
05991571 1
05991572 1
05991573 1
05991574 1
05991575 1
05991576 1
05991577 1
05991578 1
05991593 1
059916-- 1
05991692 1
05991699 1
059917-- 1
05991701 1
05991702 1
05991703 1
059918-- 1
05991853 1
059919-- 1
05991926 1
059921-- 1
05992194 1
05992196 1
05992198 1
059922-- 1
05992295 1
059923-- 1
05992306 1
05992307 1
05992308 1
059924-- 1
05992459 1
059925-- 1
05992540 1
059927-- 1
05992704 1
05992705 1
0603---- 1
060301-- 1
06030111 1
06030112 1
060302-- 1
06030221 1
06030222 1
06030223 1
06030224 1
06030225 1
060303-- 1
06030391 1
06030392 1
060304-- 1
06030431 1
06030432 1
06030434 1
060305-- 1
06030581 1
060306-- 1
06030633 1
06030641 1
06030642 1
06030643 1
060307-- 1
06030771 1
06030772 1
060308-- 1
06030851 1
06030852 1
06030853 1
06030854 1
060309-- 1
06030961 1
06030962 1
06030963 1
060310-- 1
06031064 1
06031082 1
06031083 1
06031084 1
060311-- 1
06031193 1
06031194 1
0606---- 1
060600-- 1
06060001 1
06060002 1
06060003 1
06060004 1
060601-- 1
06060101 1
06060102 1
06060103 1
06060104 1
06060105 1
06060106 1
06060107 1
06060108 1
06060109 1
06060110 1
06060111 1
060602-- 1
06060201 1
06060202 1
06060203 1
060603-- 1
06060301 1
06060302 1
06060303 1
06060304 1
06060305 1
06060306 1
06060307 1
06060308 1
06060309 1
06060310 1
060604-- 1
06060401 1
06060402 1
06060403 1
06060404 1
060605-- 1
06060501 1
06060502 1
06060503 1
06060504 1
06060505 1
06060506 1
06060507 1
060606-- 1
06060601 1
06060602 1
06060603 1
06060604 1
06060605 1
06060606 1
06060607 1
06060608 1
06060609 1
06060610 1
060607-- 1
06060701 1
06060702 1
06060703 1
06060704 1
06060705 1
06060706 1
060608-- 1
06060801 1
06060802 1
060609-- 1
06060901 1
06060902 1
06060903 1
06060904 1
060610-- 1
06061001 1
06061002 1
06061003 1
06061004 1
06061005 1
06061006 1
06061007 1
060611-- 1
06061101 1
06061102 1
0610---- 1
061001-- 1
06100101 1
06100102 1
06100103 1
06100104 1
06100105 1
06100106 1
06100107 1
06100108 1
06100109 1
061002-- 1
06100201 1
06100202 1
06100203 1
06100204 1
06100205 1
06100206 1
06100207 1
06100208 1
06100209 1
06100210 1
06100211 1
061003-- 1
06100301 1
06100302 1
06100303 1
06100304 1
06100305 1
06100306 1
06100307 1
061004-- 1
06100401 1
06100402 1
06100403 1
06100404 1
06100405 1
06100406 1
0613---- 1
061301-- 1
06130101 1
06130102 1
06130103 1
06130104 1
061302-- 1
06130205 1
06130207 1
061303-- 1
06130308 1
06130309 1
06130310 1
06130311 1
06130312 1
06130313 1
061304-- 1
06130414 1
06130415 1
06130416 1
06130417 1
06130418 1
06130419 1
06130420 1
061305-- 1
06130521 1
06130522 1
061306-- 1
06130623 1
06130624 1
06130625 1
06130626 1
061307-- 1
06130706 1
0622---- 1
062201-- 1
06220101 1
06220102 1
06220103 1
06220104 1
062202-- 1
06220201 1
06220202 1
06220203 1
06220204 1
06220205 1
062203-- 1
06220301 1
06220302 1
06220303 1
06220304 1
06220305 1
06220306 1
06220307 1
062204-- 1
06220401 1
06220402 1
06220403 1
06220404 1
062205-- 1
06220501 1
06220502 1
06220503 1
06220504 1
06220505 1
062206-- 1
06220601 1
06220602 1
06220603 1
06220604 1
06220605 1
06220606 1
062207-- 1
06220701 1
06220702 1
06220703 1
06220704 1
06220705 1
06220706 1
06220707 1
06220708 1
062208-- 1
06220801 1
0626---- 1
062600-- 1
06260001 1
06260002 1
06260004 1
06260006 1
06260007 1
06260008 1
06260009 1
06260010 1
06260011 1
06260012 1
06260013 1
06260014 1
0627---- 1
062701-- 1
06270101 1
06270102 1
06270103 1
06270104 1
06270105 1
06270106 1
062702-- 1
06270202 1
06270203 1
06270204 1
06270205 1
062703-- 1
06270301 1
06270302 1
06270303 1
06270304 1
062704-- 1
06270401 1
06270402 1
06270403 1
06270404 1
06270405 1
06270406 1
06270407 1
06270408 1
0629---- 1
062900-- 3
06290000 3
06290001 3
06290002 3
06290003 3
06290004 3
06290005 3
06290006 3
06290007 3
06290008 3
06290009 3
062901-- 3
06290100 3
06290101 3
06290102 3
06290103 3
06290104 3
06290105 3
06290106 3
06290107 3
06290108 3
06290109 3
06290110 3
0632---- 1
063201-- 1
06320101 1
06320102 1
06320103 1
06320104 1
06320105 1
06320106 1
063202-- 1
06320201 1
06320202 1
06320203 1
06320204 1
063203-- 1
06320301 1
06320302 1
06320303 1
06320304 1
06320305 1
063204-- 1
06320401 1
06320402 1
063205-- 1
06320501 1
06320502 1
06320503 1
063206-- 1
06320601 1
06320602 1
06320603 1
06320604 1
06320605 1
06320606 1
063207-- 1
06320701 1
06320702 1
06320703 1
063208-- 1
06320801 1
06320802 1
0637---- 1
063701-- 3
06370101 3
06370102 3
06370103 3
06370104 3
06370105 3
06370106 3
063702-- 3
06370201 3
06370202 3
06370203 3
06370204 3
06370205 3
06370206 3
063703-- 3
06370301 3
06370302 3
06370303 3
06370304 3
06370305 3
06370306 3
06370307 3
063704-- 3
06370401 3
06370402 3
06370403 3
06370404 3
063705-- 3
06370501 3
06370502 3
06370503 3
06370504 3
06370505 3
06370506 3
06370507 3
06370508 3
06370509 3
06370510 3
06370511 3
06370512 3
06370513 3
063706-- 3
06370601 3
06370602 3
06370603 3
06370604 3
06370605 3
06370606 3
06370607 3
06370608 3
06370609 3
06370610 3
06370611 3
06370612 3
06370613 3
06370614 3
063707-- 3
06370701 3
06370702 3
06370703 3
06370704 3
06370705 3
06370706 3
06370707 3
06370708 3
06370709 3
06370710 3
063708-- 3
06370801 3
06370802 3
06370803 3
06370804 3
06370805 3
06370806 3
06370807 3
06370808 3
06370809 3
06370810 3
06370811 3
06370812 3
06370813 3
06370814 3
063709-- 3
06370901 3
06370902 3
06370903 3
06370904 3
06370905 3
06370906 3
06370907 3
06370908 3
06370909 3
063710-- 3
06371001 3
06371002 3
06371003 3
06371004 3
06371005 3
06371006 3
06371007 3
06371008 3
06371009 3
06371010 3
06371011 3
06371012 3
06371013 3
06371014 3
06371015 3
06371016 3
06371017 3
063711-- 3
06371101 3
06371102 3
06371103 3
06371104 3
06371105 3
06371106 3
06371107 3
06371108 3
06371109 3
06371110 3
06371111 3
06371112 3
06371113 3
06371114 3
06371115 3
06371116 3
06371117 3
06371118 3
06371119 3
063712-- 3
06371201 3
06371202 3
06371203 3
06371204 3
06371205 3
06371206 3
06371207 3
063713-- 3
06371301 3
06371302 3
06371303 3
06371304 3
06371305 3
06371306 3
06371307 3
06371308 3
063714-- 3
06371401 3
06371402 3
06371403 3
06371404 3
06371405 3
06371406 3
06371407 3
06371408 3
06371409 3
06371410 3
06371411 3
063715-- 3
06371501 3
0638---- 1
063800-- 1
06380001 1
06380002 1
06380003 1
06380004 1
06380005 1
06380006 1
06380007 1
063801-- 1
06380101 1
063802-- 1
06380202 1
063803-- 1
06380303 1
063804-- 1
06380404 1
063809-- 1
06380909 1
063810-- 1
06381004 1
06381005 1
06381006 1
06381007 1
06381010 1
06381011 1
06381012 1
06381013 1
0642---- 1
064201-- 1
06420101 1
06420102 1
06420103 1
06420104 1
06420105 1
06420106 1
06420107 1
06420108 1
06420109 1
06420110 1
06420111 1
06420112 1
06420113 1
06420114 1
06420115 1
064202-- 1
06420201 1
06420202 1
06420203 1
06420204 1
06420205 1
06420206 1
06420207 1
06420208 1
06420209 1
064203-- 1
06420301 1
06420302 1
06420303 1
06420304 1
06420305 1
06420306 1
06420307 1
06420308 1
06420309 1
06420310 1
06420311 1
06420312 1
06420313 1
064204-- 1
06420401 1
06420402 1
06420403 1
06420404 1
06420405 1
06420406 1
06420407 1
06420408 1
06420409 1
06420410 1
064205-- 1
06420501 1
06420502 1
06420503 1
06420504 1
06420505 1
06420506 1
06420507 1
06420508 1
06420509 1
06420510 1
06420511 1
06420512 1
06420513 1
06420514 1
06420515 1
064206-- 1
06420601 1
06420602 1
06420603 1
06420604 1
06420605 1
06420606 1
06420607 1
06420608 1
06420609 1
06420610 1
064207-- 1
06420701 1
06420702 1
06420703 1
06420704 1
06420705 1
06420706 1
06420707 1
06420708 1
064208-- 1
06420801 1
06420802 1
06420803 1
06420804 1
06420805 1
064209-- 1
06420901 1
06420902 1
06420903 1
06420904 1
06420905 1
06420906 1
06420907 1
0654---- 1
065401-- 1
06540101 1
06540102 1
065402-- 1
06540201 1
06540202 1
06540203 1
065403-- 1
06540301 1
06540302 1
065404-- 1
06540401 1
06540402 1
065405-- 1
06540501 1
06540502 1
065406-- 1
06540601 1
06540602 1
065407-- 1
06540701 1
06540702 1
065408-- 1
06540801 1
06540802 1
065409-- 1
06540901 1
06540902 1
06540903 1
065410-- 1
06541001 1
06541002 1
065411-- 1
06541101 1
06541102 1
065412-- 1
06541201 1
06541202 1
065413-- 1
06541301 1
06541302 1
065414-- 1
06541401 1
06541402 1
065415-- 1
06541501 1
06541502 1
0664---- 1
066401-- 1
06640101 1
06640102 1
06640103 1
06640104 1
06640105 1
06640106 1
06640107 1
06640108 1
06640109 1
06640110 1
06640111 1
066402-- 1
06640220 1
06640229 1
066403-- 1
06640330 1
06640331 1
06640338 1
06640339 1
066404-- 1
06640440 1
06640449 1
066405-- 1
06640550 1
06640551 1
06640559 1
066406-- 1
06640660 1
066407-- 1
06640770 1
06640778 1
06640779 1
066408-- 1
06640880 1
06640889 1
066409-- 1
06640990 1
0668---- 1
066801-- 1
06680100 1
06680101 1
066802-- 1
06680200 1
06680201 1
066803-- 1
06680300 1
06680301 1
066804-- 1
06680400 1
06680401 1
066805-- 1
06680500 1
06680501 1
066806-- 1
06680600 1
06680601 1
066807-- 1
06680700 1
06680701 1
066808-- 1
06680800 1
06680801 1
0677---- 1
067701-- 1
06770101 1
06770102 1
06770103 1
06770104 1
06770105 1
06770106 1
06770107 1
06770108 1
06770109 1
06770110 1
06770111 1
067702-- 1
06770201 1
06770202 1
06770203 1
06770204 1
067703-- 1
06770301 1
06770302 1
06770303 1
067704-- 1
06770401 1
06770402 1
06770403 1
067705-- 1
06770501 1
06770502 1
067706-- 1
06770601 1
06770602 1
067707-- 1
06770701 1
06770702 1
067708-- 1
06770801 1
06770802 1
06770803 1
06770804 1
06770805 1
067709-- 1
06770901 1
06770902 1
067710-- 1
06771001 1
06771002 1
067711-- 1
06771101 1
06771102 1
06771103 1
067712-- 1
06771201 1
06771202 1
067713-- 1
06771301 1
06771302 1
067714-- 1
06771401 1
06771402 1
067715-- 1
06771501 1
06771502 1
06771503 1
0678---- 1
067800-- 1
06780000 1
06780009 1
067801-- 1
06780100 1
06780109 1
067802-- 1
06780200 1
06780209 1
0687---- 1
068700-- 1
06870003 1
06870004 1
06870005 1
06870006 1
06870007 1
068710-- 1
06871008 1
06871009 1
06871010 1
068711-- 1
06871102 1
06871111 1
06871112 1
068712-- 1
06871213 1
068713-- 1
06871301 1
06871314 1
068714-- 1
06871415 1
06871416 1
06871417 1
068715-- 1
06871518 1
068716-- 1
06871619 1
06871620 1
068717-- 1
06871721 1
06871768 1
06871781 1
068718-- 1
06871822 1
06871823 1
06871824 1
068719-- 1
06871925 1
06871926 1
068720-- 1
06872027 1
06872028 1
06872031 1
06872032 1
06872084 1
068729-- 1
06872933 1
06872934 1
06872935 1
06872936 1
068730-- 1
06873037 1
06873038 1
06873039 1
06873040 1
06873041 1
06873082 1
06873083 1
068731-- 1
06873143 1
06873144 1
06873145 1
06873171 1
068732-- 1
06873247 1
06873248 1
068739-- 1
06873946 1
06873950 1
06873970 1
068740-- 1
06874051 1
068749-- 1
06874952 1
06874953 1
06874954 1
06874955 1
06874956 1
06874957 1
068750-- 1
06875058 1
06875059 1
06875060 1
06875061 1
06875062 1
06875063 1
06875069 1
06875085 1
068751-- 1
06875164 1
068752-- 1
06875265 1
068753-- 1
06875367 1
068759-- 1
06875966 1
0703---- 1
070300-- 1
07030000 1
07030001 1
07030002 1
07030006 1
07030009 1
070301-- 1
07030100 1
07030101 1
07030102 1
07030106 1
07030109 1
070302-- 1
07030200 1
07030201 1
07030202 1
07030206 1
07030209 1
070303-- 1
07030300 1
07030309 1
070304-- 1
07030400 1
07030401 1
07030402 1
07030403 1
07030406 1
07030409 1
070305-- 1
07030500 1
07030501 1
07030509 1
070306-- 1
07030600 1
07030609 1
0715---- 1
071501-- 1
07150101 1
071502-- 1
07150201 1
071503-- 1
07150301 1
071504-- 1
07150401 1
071505-- 1
07150501 1
071506-- 1
07150601 1
071507-- 1
07150701 1
071508-- 1
07150801 1
071509-- 1
07150901 1
071510-- 1
07151001 1
071511-- 1
07151101 1
071512-- 1
07151201 1
071513-- 1
07151301 1
071514-- 1
07151401 1
071515-- 1
07151501 1
071516-- 1
07151601 1
071517-- 1
07151701 1
071518-- 1
07151801 1
071519-- 1
07151901 1
071520-- 1
07152001 1
071521-- 1
07152101 1
07152102 1
07152103 1
07152104 1
07152105 1
071522-- 1
07152201 1
07152202 1
07152203 1
07152204 1
071523-- 1
07152301 1
07152302 1
07152303 1
07152304 1
07152305 1
071524-- 1
07152401 1
071525-- 1
07152501 1
071526-- 1
07152601 1
071527-- 1
07152701 1
071528-- 1
07152801 1
071529-- 1
07152901 1
071530-- 1
07153001 1
0716---- 1
071600-- 1
07160000 1
07160009 1
071601-- 1
07160100 1
07160109 1
071602-- 1
07160200 1
07160209 1
071603-- 1
07160300 1
07160309 1
071604-- 1
07160400 1
07160409 1
071605-- 1
07160500 1
07160509 1
071606-- 1
07160600 1
07160609 1
071607-- 1
07160700 1
07160709 1
07160710 1
0717---- 1
071700-- 1
07170000 1
07170001 1
07170002 1
07170009 1
071701-- 1
07170100 1
07170109 1
071702-- 1
07170200 1
07170201 1
07170209 1
071703-- 1
07170300 1
07170309 1
071704-- 1
07170400 1
07170409 1
071705-- 1
07170500 1
07170501 1
07170502 1
07170508 1
07170509 1
071706-- 1
07170600 1
07170609 1
071707-- 1
07170700 1
07170709 1
071708-- 1
07170800 1
07170809 1
071709-- 1
07170900 1
07170901 1
07170908 1
07170909 1
071710-- 1
07171000 1
07171001 1
07171008 1
07171009 1
071711-- 1
07171100 1
07171101 1
07171109 1
071712-- 1
07171200 1
07171201 1
07171209 1
0718---- 1
071801-- 1
07180100 1
07180101 1
07180102 1
07180103 1
071802-- 1
07180200 1
07180201 1
07180202 1
07180203 1
07180204 1
07180205 1
07180206 1
07180207 1
07180208 1
07180209 1
071803-- 1
07180300 1
07180301 1
07180302 1
07180303 1
071804-- 1
07180400 1
07180401 1
07180402 1
07180403 1
07180405 1
07180406 1
07180407 1
07180408 1
071805-- 1
07180500 1
07180501 1
07180502 1
07180503 1
07180504 1
07180505 1
07180506 1
07180507 1
071806-- 1
07180600 1
07180601 1
07180602 1
07180603 1
071807-- 1
07180700 1
07180701 1
07180702 1
071808-- 1
07180800 1
0736---- 1
073601-- 1
07360101 1
07360102 1
07360103 1
07360104 1
07360105 1
07360106 1
07360107 1
07360108 1
073602-- 1
07360201 1
07360202 1
073603-- 1
07360301 1
073604-- 1
07360401 1
07360402 1
07360403 1
07360404 1
073605-- 1
07360501 1
07360502 1
073606-- 1
07360601 1
07360602 1
07360603 1
073607-- 1
07360701 1
07360702 1
07360703 1
073608-- 1
07360801 1
07360802 1
0737---- 1
073700-- 1
07370000 1
07370009 1
073701-- 1
07370100 1
07370101 1
07370102 1
07370108 1
07370109 1
073702-- 1
07370200 1
07370201 1
07370208 1
07370209 1
073703-- 1
07370300 1
07370309 1
073704-- 1
07370400 1
07370401 1
07370408 1
07370409 1
073705-- 1
07370500 1
07370501 1
07370508 1
07370509 1
073706-- 1
07370600 1
07370609 1
073707-- 1
07370700 1
07370701 1
07370708 1
07370709 1
073708-- 1
07370800 1
07370809 1
073709-- 1
07370900 1
07370909 1
0743---- 1
074301-- 1
07430101 1
07430102 1
07430103 1
074302-- 1
07430201 1
07430202 1
074303-- 1
07430301 1
07430302 1
07430303 1
074304-- 1
07430401 1
07430402 1
07430403 1
07430404 1
07430405 1
074305-- 1
07430501 1
07430502 1
07430503 1
07430504 1
074306-- 1
07430601 1
07430602 1
07430603 1
074307-- 1
07430701 1
07430702 1
074308-- 1
07430801 1
07430802 1
074309-- 1
07430901 1
074310-- 1
07431001 1
07431002 1
074311-- 1
07431101 1
0744---- 1
074401-- 1
07440101 1
07440102 1
07440103 1
07440104 1
07440105 1
07440106 1
07440107 1
074402-- 1
07440201 1
07440202 1
074403-- 1
07440301 1
0748---- 1
074800-- 1
07480000 1
07480001 1
07480002 1
07480003 1
07480004 1
07480005 1
07480006 1
074801-- 1
07480100 1
07480101 1
07480102 1
07480103 1
074802-- 1
07480200 1
07480201 1
07480202 1
07480203 1
07480204 1
07480205 1
07480206 1
07480208 1
07480209 1
074803-- 1
07480300 1
07480301 1
07480302 1
07480306 1
07480308 1
07480309 1
074804-- 1
07480400 1
07480401 1
07480402 1
07480403 1
07480404 1
07480405 1
07480408 1
07480409 1
074805-- 1
07480500 1
07480507 1
07480508 1
07480509 1
0753---- 1
075301-- 3
07530101 2
075302-- 3
07530201 2
075303-- 3
07530301 2
075304-- 3
07530401 2
075305-- 3
07530501 2
075306-- 3
07530601 2
075307-- 3
07530701 2
075308-- 3
07530801 2
075309-- 3
07530901 2
075310-- 3
07531001 2
075311-- 3
07531101 2
075312-- 3
07531201 2
075313-- 3
07531301 2
075314-- 3
07531401 2
075315-- 3
07531501 2
075316-- 3
07531601 2
075317-- 3
07531701 2
075318-- 3
07531801 2
075319-- 3
07531901 2
0755---- 1
075500-- 1
07550000 1
07550005 1
07550006 1
07550007 1
07550008 1
07550009 1
075501-- 1
07550100 1
07550109 1
0757---- 1
075700-- 1
07570000 1
07570001 1
07570002 1
07570003 1
07570004 1
07570005 1
07570006 1
07570007 1
07570008 1
07570009 1
075701-- 1
07570100 1
07570109 1
075702-- 1
07570200 1
07570206 1
07570207 1
07570208 1
07570209 1
075730-- 1
07573000 1
075731-- 1
07573100 1
0758---- 1
075800-- 1
07580001 1
07580002 1
07580003 1
07580004 1
07580005 1
07580006 1
075801-- 1
07580100 1
07580101 1
07580102 1
07580103 1
07580104 1
07580105 1
07580106 1
07580107 1
075802-- 1
07580200 1
07580201 1
07580202 1
07580203 1
07580204 1
07580205 1
075803-- 1
07580300 1
07580301 1
07580302 1
07580303 1
07580309 1
075804-- 1
07580400 1
07580401 1
075805-- 1
07580500 1
07580501 1
07580502 1
07580503 1
07580504 1
07580505 1
07580506 1
07580507 1
07580508 1
07580509 1
075806-- 1
07580600 1
07580601 1
07580602 1
07580603 1
07580604 1
07580605 1
07580606 1
07580607 1
07580609 1
075807-- 1
07580700 1
07580701 1
07580709 1
075808-- 1
07580800 1
07580809 1
075809-- 1
07580900 1
07580909 1
075810-- 1
07581000 1
07581008 1
07581009 1
0762---- 1
076201-- 1
07620100 1
07620101 1
07620102 1
07620103 1
07620104 1
07620105 1
07620106 1
07620107 1
07620108 1
07620109 1
07620110 1
07620111 1
07620112 1
07620113 1
07620114 1
076202-- 1
07620200 1
07620201 1
076203-- 1
07620300 1
07620301 1
076204-- 1
07620400 1
07620401 1
076205-- 1
07620500 1
07620501 1
076206-- 1
07620600 1
07620601 1
076207-- 1
07620700 1
07620701 1
076208-- 1
07620800 1
07620801 1
0765---- 1
076500-- 1
07650000 1
07650009 1
076501-- 1
07650100 1
07650101 1
07650109 1
0766---- 1
076601-- 1
07660101 1
07660102 1
07660103 3
07660104 3
07660105 3
07660106 1
07660107 1
07660108 1
07660109 3
07660110 1
07660111 1
07660112 1
07660113 1
07660114 1
07660115 1
076602-- 1
07660216 1
07660217 1
0770---- 1
077000-- 1
07700000 1
07700001 3
07700002 3
07700003 1
07700004 1
07700005 3
07700006 1
07700007 1
07700008 1
07700009 3
07700010 1
077001-- 1
07700100 3
07700101 1
07700102 1
07700109 3
077002-- 1
07700200 3
07700209 3
077003-- 1
07700300 3
07700309 3
077004-- 1
07700400 3
07700409 3
077005-- 1
07700500 3
07700501 1
07700509 3
0772---- 1
077211-- 1
07721110 1
07721120 1
07721130 1
07721140 1
07721150 1
077221-- 1
07722110 1
07722120 1
07722130 1
07722140 1
07722150 1
07722160 1
07722170 1
07722180 1
077222-- 1
07722210 1
07722220 1
07722230 1
07722240 1
07722250 1
07722260 1
077223-- 1
07722300 1
07722310 1
07722320 1
07722330 1
07722340 1
07722350 1
07722360 1
07722370 1
07722380 1
07722390 1
07722399 1
077231-- 1
07723110 1
07723120 1
077232-- 1
07723210 1
07723220 1
07723280 1
077233-- 1
07723330 1
07723340 1
07723350 1
07723360 1
07723370 1
077241-- 1
07724100 1
07724110 1
07724120 1
07724130 1
07724140 1
077242-- 1
07724210 1
07724220 1
07724230 1
07724240 1
07724250 1
07724260 1
077243-- 1
07724310 1
07724320 1
07724330 1
07724340 1
07724350 1
07724360 1
077251-- 1
07725110 1
07725120 1
07725130 1
07725140 1
07725150 1
07725160 1
077252-- 1
07725200 1
07725210 1
07725220 1
07725230 1
07725240 1
077253-- 1
07725310 1
07725320 1
07725330 1
07725340 1
07725350 1
077254-- 1
07725410 1
07725420 1
07725430 1
07725440 1
07725450 1
07725460 1
077261-- 1
07726110 1
07726120 1
07726130 1
07726140 1
07726150 1
07726160 1
077262-- 1
07726210 1
07726220 1
07726230 1
07726240 1
07726250 1
07726260 1
07726270 1
07726280 1
077263-- 1
07726310 1
07726320 1
07726330 1
07726340 1
07726350 1
07726360 1
07726370 1
07726380 1
07726390 1
07726399 1
077271-- 1
07727110 1
07727120 1
07727130 1
077272-- 1
07727210 1
07727220 1
07727230 1
07727240 1
07727250 1
07727260 1
07727270 1
077273-- 1
07727310 1
07727320 1
07727330 1
0777---- 1
077700-- 1
07770000 1
07770001 1
07770002 1
07770003 1
07770004 1
07770005 1
077701-- 1
07770100 1
077702-- 1
07770200 1
077710-- 1
07771000 1
07771001 1
07771002 1
07771003 1
07771004 1
07771005 1
07771006 1
07771007 1
07771008 1
07771009 1
07771010 1
07771011 1
07771012 1
07771013 1
07771014 1
07771015 1
077711-- 1
07771100 1
077712-- 1
07771200 1
07771201 1
07771202 1
07771203 1
077720-- 1
07772000 1
07772001 1
07772002 1
07772003 1
07772004 1
07772005 1
07772006 1
07772007 1
07772008 1
07772009 1
07772010 1
07772011 1
077721-- 1
07772100 1
077722-- 1
07772200 1
077723-- 1
07772300 1
07772301 1
07772302 1
07772303 1
0779---- 1
077900-- 1
07790000 1
07790001 1
07790002 1
07790009 1
077901-- 1
07790100 1
07790109 1
077902-- 1
07790200 1
07790201 1
07790202 1
07790203 1
07790209 1
0784---- 1
078401-- 1
07840101 1
07840102 1
07840103 1
07840104 1
07840105 1
07840106 1
07840107 1
07840108 1
07840109 1
07840110 1
07840111 1
07840112 1
07840113 1
078402-- 1
07840201 1
07840202 1
07840203 1
07840204 1
07840205 1
07840206 1
07840207 1
07840208 1
07840209 1
078403-- 1
07840301 1
07840302 1
078404-- 1
07840401 1
07840402 1
0785---- 1
078501-- 1
07850101 1
078502-- 1
07850202 1
078503-- 1
07850303 1
07850304 1
078504-- 1
07850405 1
07850406 1
078505-- 1
07850507 1
078506-- 1
07850608 1
078507-- 1
07850709 1
07850710 1
078508-- 1
07850811 1
07850812 1
07850813 1
078509-- 1
07850914 1
07850915 1
07850916 1
07850917 1
07850918 1
078510-- 1
07851019 1
078511-- 1
07851120 1
07851121 1
07851122 1
078512-- 1
07851223 1
078513-- 1
07851324 1
07851325 1
078514-- 1
07851426 1
078520-- 1
07852027 1
07852028 1
078521-- 1
07852129 1
078522-- 1
07852230 1
078523-- 1
07852331 1
0794---- 1
079410-- 1
07941000 1
07941002 1
07941003 1
07941004 1
07941005 1
07941006 1
07941007 1
079411-- 1
07941100 1
07941101 1
07941102 1
079412-- 1
07941200 1
07941201 1
07941202 1
079413-- 1
07941300 1
07941301 1
07941302 1
07941303 1
07941309 1
079414-- 1
07941400 1
07941401 1
07941402 1
07941404 1
07941409 1
079415-- 1
07941500 1
07941501 1
079416-- 1
07941600 1
07941601 1
07941609 1
079417-- 1
07941700 1
07941701 1
07941709 1
079418-- 1
07941801 1
07941802 1
07941809 1
079419-- 1
07941900 1
07941909 1
079421-- 1
07942100 1
07942101 1
07942102 1
07942103 1
07942104 1
07942105 1
079429-- 1
07942901 1
07942902 1
0796---- 1
079601-- 1
07960101 1
07960102 1
07960103 1
07960104 1
07960105 1
07960106 1
079602-- 1
07960201 1
07960202 1
07960203 1
07960204 1
07960205 1
07960206 1
07960207 1
07960208 1
07960209 1
07960210 1
07960211 1
07960212 1
079603-- 1
07960301 1
07960302 1
07960303 1
07960304 1
07960305 1
07960306 1
079604-- 1
07960401 1
07960402 1
07960403 1
079605-- 1
07960501 1
07960502 1
07960503 1
07960504 1
07960505 1
07960506 1
07960507 1
079606-- 1
07960601 1
07960602 1
07960603 1
07960604 1
07960605 1
07960606 1
07960607 1
07960608 1
07960609 1
079607-- 1
07960701 1
07960702 1
07960703 1
07960704 1
07960705 1
07960706 1
07960707 1
07960708 1
07960709 3
07960710 3
07960798 1
07960799 3
079608-- 1
07960801 1
07960802 1
07960803 1
07960804 1
079609-- 1
07960901 1
07960902 1
07960903 1
07960904 1
07960905 1
07960906 1
07960907 1
07960908 1
07960909 1
07960910 1
07960911 1
07960912 1
07960913 1
07960914 1
07960915 1
079610-- 1
07961001 1
07961002 1
07961003 1
07961004 1
07961005 1
07961006 1
07961007 1
07961008 1
07961009 1
07961010 1
07961011 1
079611-- 1
07961101 1
07961102 1
07961103 1
07961104 1
07961105 1
07961106 1
07961107 1
07961108 1
07961109 1
07961110 1
07961111 1
079612-- 1
07961201 1
07961202 1
07961203 1
07961204 1
07961205 1
07961206 1
079613-- 1
07961301 1
07961302 1
07961303 1
07961304 1
07961399 1
079614-- 1
07961401 1
07961402 1
07961499 1
0797---- 1
079701-- 1
07970101 1
07970102 1
07970103 1
07970104 1
07970105 1
079702-- 1
07970200 1
079703-- 1
07970300 1
079704-- 1
07970400 1
079705-- 1
07970501 1
07970502 1
07970503 1
079706-- 1
07970600 1
079707-- 1
07970700 1
079708-- 1
07970800 1
079709-- 1
07970900 1
079710-- 1
07971000 1
079711-- 1
07971100 1
0798---- 1
079800-- 1
07980000 1
07980009 1
079801-- 1
07980100 1
07980109 1
079802-- 1
07980200 1
07980209 1
079803-- 1
07980300 1
07980301 1
07980309 1
079804-- 1
07980400 1
07980409 1
0809---- 1
080910-- 1
08091001 1
08091005 1
08091006 1
08091010 1
08091011 1
08091015 1
08091020 1
08091021 1
08091025 1
08091030 1
08091031 1
08091035 1
08091040 1
08091041 1
080920-- 1
08092045 1
08092048 1
08092049 1
08092052 1
08092055 1
08092058 1
08092061 1
08092063 1
08092066 1
080930-- 1
08093070 1
08093071 1
08093080 1
08093081 1
08093085 1
08093090 1
08093091 1
08093092 1
080940-- 1
08094095 1
0820---- 1
082000-- 1
08200000 1
08200001 1
08200002 1
08200003 1
08200008 1
08200009 1
082001-- 1
08200100 1
08200109 1
082002-- 1
08200200 1
08200209 1
0823---- 1
082300-- 1
08230000 1
08230001 1
08230002 1
08230003 1
08230004 1
08230005 1
08230008 1
08230009 1
082301-- 1
08230100 1
08230109 1
082302-- 1
08230200 1
08230208 1
08230209 1
082303-- 1
08230300 1
08230309 1
0824---- 1
082401-- 1
08240101 1
082402-- 1
08240201 1
08240202 1
082403-- 1
08240301 1
082404-- 1
08240401 1
08240402 1
082405-- 1
08240501 1
082406-- 1
08240601 1
082407-- 1
08240701 1
08240702 1
08240703 1
08240704 1
08240705 1
08240706 1
08240707 1
082408-- 1
08240801 1
08240802 1
08240803 1
082409-- 1
08240901 1
08240902 1
08240903 1
082410-- 1
08241001 1
08241002 1
082411-- 1
08241101 1
08241102 1
082412-- 1
08241201 1
08241202 1
082413-- 1
08241301 1
08241302 1
082414-- 1
08241401 1
082415-- 1
08241501 1
082416-- 1
08241601 1
082417-- 1
08241701 1
082418-- 1
08241801 1
082419-- 1
08241901 1
0826---- 1
082600-- 1
08260000 1
082601-- 1
08260100 1
08260101 1
08260102 1
082602-- 1
08260200 1
08260201 1
082603-- 1
08260300 1
08260301 1
082604-- 1
08260400 1
08260401 1
082605-- 1
08260500 1
08260501 1
08260502 1
08260503 1
08260504 1
08260505 1
082606-- 1
08260600 1
08260601 1
08260602 1
08260603 1
08260604 1
08260605 1
08260606 1
08260607 1
082607-- 1
08260700 1
08260701 1
08260702 1
08260703 1
082608-- 1
08260800 1
08260801 1
082609-- 1
08260900 1
08260901 1
08260902 1
082610-- 1
08261000 1
08261001 1
082611-- 1
08261100 1
08261109 1
082612-- 1
08261200 1
08261208 1
08261209 1
082613-- 1
08261300 1
08261307 1
08261308 1
08261309 1
0828---- 1
082800-- 1
08280000 1
08280001 1
08280002 1
082801-- 1
08280100 1
08280101 1
08280102 1
08280103 1
08280104 1
08280105 1
08280106 1
082802-- 1
08280200 1
08280201 1
08280202 1
082803-- 1
08280300 1
08280301 1
08280302 1
08280303 1
08280304 1
08280305 1
08280306 1
08280307 1
082804-- 1
08280400 1
08280401 1
08280402 1
08280403 1
08280404 1
082805-- 1
08280500 1
08280501 1
08280502 1
08280503 1
082806-- 1
08280600 1
08280601 1
08280602 1
08280603 1
08280604 1
08280605 1
08280606 1
08280607 1
08280608 1
082807-- 1
08280700 1
08280701 1
08280702 1
08280703 1
08280704 1
08280705 1
08280706 1
08280707 1
08280708 1
08280709 1
082808-- 1
08280806 1
08280807 1
08280808 1
08280809 1
082809-- 3
08280905 1
08280906 1
08280907 3
08280908 1
08280909 3
082810-- 1
08281000 1
08281001 1
08281007 1
08281008 1
08281009 1
082811-- 1
08281100 1
08281108 1
08281109 1
082812-- 1
08281200 1
08281208 1
08281209 1
082813-- 1
08281300 1
08281308 1
08281309 1
082814-- 1
08281400 1
08281401 1
08281403 1
08281404 1
08281409 1
082815-- 1
08281500 1
08281508 1
08281509 1
082816-- 1
08281600 1
08281601 1
08281609 1
082817-- 1
08281700 1
08281701 1
08281702 1
08281703 1
08281709 1
082818-- 1
08281800 1
08281808 1
08281809 1
082819-- 1
08281900 1
08281901 1
08281908 1
08281909 1
082820-- 1
08282000 1
08282009 1
082821-- 1
08282100 1
08282101 1
08282102 1
08282103 1
08282109 1
082822-- 1
08282200 1
08282201 1
08282208 1
08282209 1
0840---- 1
084000-- 1
08400000 1
08400009 1
084001-- 1
08400100 1
08400109 1
084002-- 1
08400200 1
08400201 1
08400209 1
084003-- 1
08400300 1
08400309 1
084004-- 1
08400400 1
08400409 1
0845---- 1
084500-- 1
08450000 1
08450001 1
08450002 1
08450003 1
08450007 1
08450008 1
08450009 1
084501-- 1
08450100 1
08450108 1
08450109 1
084502-- 1
08450200 1
08450201 1
08450207 1
08450208 1
08450209 1
084503-- 1
08450300 1
08450301 1
08450302 1
08450308 1
08450309 1
084504-- 1
08450400 1
08450408 1
08450409 1
0847---- 1
084700-- 1
08470001 1
08470002 1
08470003 1
08470004 1
08470005 1
08470006 1
084701-- 1
08470101 1
08470102 1
084702-- 1
08470201 1
08470202 1
08470203 1
084703-- 1
08470301 1
084704-- 1
08470401 1
08470402 1
08470403 1
08470404 1
08470405 1
08470406 1
08470407 1
084705-- 1
08470501 1
08470502 1
08470503 1
08470504 1
08470505 1
08470506 1
084706-- 1
08470601 1
08470602 1
08470603 1
08470604 1
08470605 1
084707-- 1
08470701 1
08470702 1
08470703 1
08470704 1
0848---- 1
084800-- 1
08480000 1
08480001 1
08480002 1
08480003 1
08480009 1
084801-- 1
08480100 1
08480101 1
08480109 1
0851---- 1
085100-- 1
08510000 1
08510001 1
08510002 1
08510003 1
08510004 1
08510007 1
08510008 1
08510009 1
085101-- 1
08510100 1
08510109 1
085102-- 1
08510200 1
08510209 1
085103-- 1
08510300 1
08510301 1
08510308 1
08510309 1
085104-- 1
08510400 1
08510409 1
0852---- 1
085200-- 1
08520000 1
08520001 1
08520002 1
08520003 1
08520004 1
08520005 1
08520006 1
08520007 1
08520009 1
08520010 1
085201-- 1
08520100 1
085202-- 1
08520200 1
08520201 1
085203-- 1
08520300 1
08520301 1
08520302 1
085204-- 1
08520400 1
08520401 1
085205-- 1
08520500 1
0855---- 1
085510-- 1
08551001 1
08551002 1
08551003 1
08551004 1
085511-- 1
08551101 1
08551102 1
08551103 1
08551104 1
08551105 1
085512-- 1
08551201 1
08551202 1
08551203 1
085513-- 1
08551301 1
08551302 1
085514-- 1
08551401 1
08551402 1
08551403 1
08551404 1
08551405 1
085515-- 1
08551501 1
08551502 1
08551503 1
08551504 1
08551505 1
085516-- 1
08551601 1
08551602 1
08551603 1
08551604 1
085517-- 1
08551701 1
08551702 1
08551703 1
08551704 1
08551705 1
08551706 1
08551707 1
085518-- 1
08551801 1
08551802 1
085519-- 1
08551901 1
08551902 1
085520-- 1
08552001 1
08552002 1
08552003 1
085521-- 1
08552101 1
08552102 1
08552103 1
085522-- 1
08552201 1
08552202 1
085523-- 1
08552301 1
08552302 1
08552303 1
08552304 1
08552305 1
085524-- 1
08552401 1
08552402 1
08552403 1
085525-- 1
08552501 1
08552502 1
08552503 1
08552504 1
085526-- 1
08552601 1
08552602 1
08552603 1
08552604 1
08552605 1
085527-- 1
08552701 1
08552702 1
08552703 1
085528-- 1
08552801 1
08552802 1
085529-- 1
08552901 1
08552902 1
08552903 1
08552904 1
08552905 1
08552906 1
08552907 1
085530-- 1
08553001 1
085531-- 1
08553101 1
08553102 1
08553103 1
08553104 1
085532-- 1
08553201 1
08553202 1
08553203 1
08553204 1
08553205 1
08553206 1
08553207 1
08553208 1
08553209 1
085533-- 1
08553301 1
08553302 1
08553303 1
085534-- 1
08553401 1
08553402 1
085535-- 1
08553501 1
08553502 1
08553503 1
08553504 1
085536-- 1
08553601 1
08553602 1
08553603 1
085537-- 1
08553701 1
08553702 1
08553703 1
08553704 1
08553705 1
08553706 1
08553707 1
085538-- 1
08553801 1
08553802 1
08553803 1
08553804 1
08553805 1
08553806 1
08553807 1
08553808 1
08553809 1
08553810 1
08553811 1
08553812 1
08553813 1
08553814 1
085539-- 1
08553901 1
08553902 1
08553903 1
08553904 1
08553905 1
085540-- 1
08554001 1
08554002 1
08554003 1
085541-- 1
08554101 1
085542-- 1
08554201 1
08554202 1
08554203 1
08554204 1
08554205 1
08554206 1
08554207 1
085543-- 1
08554301 1
08554302 1
08554303 1
08554304 1
08554305 1
08554306 1
08554307 1
08554308 1
085544-- 1
08554401 1
08554402 1
08554403 1
08554404 1
08554405 1
08554406 1
085545-- 1
08554501 1
08554502 1
085546-- 1
08554601 1
085547-- 1
08554701 1
08554702 1
08554703 1
08554704 1
085548-- 1
08554801 1
08554802 1
08554803 1
08554804 1
085549-- 1
08554901 1
08554902 1
08554903 1
085550-- 1
08555001 1
085551-- 1
08555101 1
08555102 1
085552-- 1
08555201 1
08555202 1
085553-- 1
08555301 1
08555302 1
08555303 1
08555304 1
085554-- 1
08555401 1
08555402 1
08555403 1
08555404 1
08555405 1
08555406 1
08555407 1
085555-- 1
08555501 1
08555502 1
08555503 1
085556-- 1
08555601 1
08555602 1
08555603 1
085557-- 1
08555701 1
08555702 1
08555703 1
08555704 1
08555705 1
085558-- 1
08555801 1
08555802 1
08555803 1
085559-- 1
08555901 1
08555902 1
08555903 1
08555904 1
08555905 1
085560-- 1
08556001 1
08556002 1
08556003 1
08556004 1
08556005 1
08556006 1
08556007 1
085561-- 1
08556101 1
08556102 1
08556103 1
085562-- 1
08556202 1
085563-- 1
08556301 1
08556302 1
08556303 1
08556304 1
085564-- 1
08556401 1
08556402 1
08556403 1
085565-- 1
08556501 1
085566-- 1
08556601 1
08556602 1
08556603 1
08556604 1
08556605 1
08556606 1
08556607 1
08556608 1
08556609 1
08556610 1
08556611 1
08556612 1
08556613 1
08556614 1
08556615 1
08556616 1
08556617 1
08556618 1
08556619 1
08556620 1
085567-- 1
08556701 1
08556702 1
08556703 1
08556704 1
08556705 1
08556706 1
08556707 1
08556708 1
08556709 1
08556710 1
085568-- 1
08556801 1
08556802 1
08556803 1
0858---- 1
085800-- 3
08580000 3
08580001 3
08580002 3
08580003 3
08580004 3
08580005 3
08580006 3
08580007 3
08580008 3
08580009 3
085801-- 3
08580101 3
08580102 3
08580103 3
08580105 3
08580106 3
085802-- 3
08580200 3
0861---- 1
086100-- 1
08610000 1
08610001 1
08610002 1
08610003 1
08610004 1
08610005 1
08610006 1
08610009 1
086101-- 1
08610100 1
08610101 1
08610102 1
08610103 1
086102-- 1
08610200 1
08610201 1
08610207 1
08610208 1
08610209 1
0865---- 1
086500-- 1
08650000 1
08650001 1
08650002 1
08650003 1
08650004 1
08650005 1
08650008 1
08650009 1
086501-- 1
08650100 1
08650101 1
08650102 1
08650103 1
08650104 1
08650108 1
08650109 1
08650110 1
086502-- 1
08650200 1
08650209 1
086503-- 1
08650300 1
08650301 1
08650307 1
08650308 1
08650309 1
0866---- 1
086600-- 1
08660000 1
08660001 1
08660002 1
08660003 1
08660009 1
0867---- 1
086700-- 1
08670000 1
08670001 1
08670002 1
08670003 1
08670004 1
08670005 1
08670006 1
08670007 1
08670008 1
08670009 1
08670010 1
08670011 1
08670012 1
08670013 1
086701-- 1
08670100 1
08670101 1
08670102 1
08670103 1
08670104 1
086702-- 1
08670200 1
08670201 1
08670202 1
08670203 1
0873---- 1
087300-- 1
08730000 1
08730001 1
08730002 1
08730003 1
08730008 1
08730009 1
087301-- 1
08730100 1
08730101 1
08730108 1
08730109 1
087302-- 1
08730200 1
08730201 1
08730208 1
08730209 1
087303-- 1
08730300 1
08730309 1
0879---- 1
087900-- 1
08790000 1
08790009 1
087901-- 1
08790100 1
08790109 1
087902-- 1
08790200 1
08790209 1
087903-- 1
08790300 1
08790309 1
087904-- 1
08790400 1
08790408 1
08790409 1
0880---- 1
088000-- 1
08800000 1
08800001 1
08800002 1
08800003 1
08800004 1
08800005 1
08800009 1
088001-- 1
08800100 1
08800108 1
08800109 1
088002-- 1
08800200 1
08800201 1
08800208 1
08800209 1
0882---- 1
088200-- 1
08820001 1
08820002 1
08820003 1
08820004 1
08820005 1
08820006 1
08820007 1
08820008 1
08820009 1
08820010 1
08820011 1
08820012 1
08820020 1
088201-- 1
08820101 1
08820102 1
08820103 1
08820104 1
08820105 1
08820120 1
088202-- 1
08820201 1
08820202 1
08820203 1
08820204 1
08820205 1
08820206 1
08820207 1
08820220 1
0888---- 1
088800-- 1
08880000 1
08880001 1
08880002 1
088801-- 1
08880100 1
08880101 1
08880102 1
08880103 1
08880109 1
0889---- 1
088900-- 1
08890000 1
08890001 1
08890008 1
08890009 1
088901-- 1
08890100 1
08890101 1
08890102 1
08890109 1
0893---- 1
089301-- 1
08930110 1
08930111 1
089302-- 1
08930220 1
08930221 1
089303-- 1
08930330 1
08930331 1
08930332 1
089304-- 1
08930440 1
08930441 1
089305-- 1
08930550 1
08930551 1
089306-- 1
08930660 1
08930661 1
08930662 1
089307-- 1
08930770 1
08930771 1
0899---- 1
089901-- 1
08990124 1
08990126 1
08990134 1
08990135 1
08990136 1
08990144 1
089902-- 1
08990201 1
08990202 1
08990203 1
08990204 1
08990205 1
08990207 1
08990208 1
08990209 1
08990225 1
08990242 1
08990243 1
089903-- 1
08990314 1
08990315 1
08990316 1
08990317 1
08990318 1
08990332 1
08990333 1
08990337 1
08990339 1
08990340 1
08990345 1
089904-- 1
08990428 1
08990429 1
08990430 1
08990431 1
08990438 1
08990441 1
089905-- 1
08990506 1
08990510 1
08990511 1
08990512 1
08990513 1
08990519 1
08990520 1
08990521 1
08990522 1
08990523 1
08990527 1
0907---- 1
090700-- 1
09070000 1
09070001 1
09070009 1
090701-- 1
09070100 1
09070108 1
09070109 1
090702-- 1
09070200 1
09070209 1
090703-- 1
09070300 1
09070301 1
09070302 1
09070303 1
09070309 1
090704-- 1
09070400 1
09070408 1
09070409 1
0917---- 1
091710-- 3
09171000 3
09171001 3
091711-- 3
09171100 3
09171101 3
091712-- 3
09171200 3
09171201 3
091713-- 3
09171300 3
09171301 3
091714-- 3
09171400 3
091720-- 3
09172000 3
09172001 3
09172002 3
09172003 3
09172004 3
091721-- 3
09172100 3
09172101 3
091722-- 3
09172200 3
09172201 3
091723-- 3
09172300 3
091724-- 3
09172400 3
09172401 3
09172402 3
091730-- 3
09173000 3
09173001 3
09173002 3
091731-- 3
09173100 3
09173101 3
09173102 3
09173103 3
091732-- 3
09173200 3
09173201 3
09173202 3
09173203 3
091733-- 3
09173300 3
09173301 3
09173302 3
09173303 3
091734-- 3
09173400 3
091735-- 3
09173500 3
091736-- 3
09173600 3
09173601 3
09173602 3
09173603 3
091737-- 3
09173700 3
09173701 3
091738-- 3
09173800 3
09173801 3
091739-- 3
09173900 3
09173901 3
09173902 3
09173903 3
091740-- 3
09174000 3
091741-- 3
09174100 3
09174101 3
09174102 3
09174103 3
091742-- 3
09174200 3
0928---- 1
092800-- 1
09280000 1
09280001 1
09280002 1
09280003 1
09280004 1
09280009 1
092801-- 1
09280100 1
09280101 1
09280102 1
09280103 1
09280104 1
09280105 1
092802-- 1
09280200 1
09280201 1
09280202 1
09280203 1
09280204 1
09280205 1
0935---- 1
093500-- 1
09350000 1
09350001 1
09350002 1
09350003 1
09350004 1
09350005 1
09350006 1
093501-- 1
09350100 1
09350101 1
09350102 1
09350103 1
09350104 1
09350105 1
093502-- 1
09350200 1
09350201 1
09350202 1
09350203 1
09350204 1
09350205 1
09350206 1
09350207 1
09350208 1
09350209 1
093503-- 1
09350300 1
09350301 1
09350302 1
09350303 1
09350304 1
093504-- 1
09350400 1
09350401 1
09350402 1
09350403 1
09350404 1
09350405 1
09350406 1
093505-- 1
09350500 1
09350501 1
09350502 1
09350503 1
093506-- 1
09350600 1
09350601 1
09350602 1
09350603 1
09350604 1
0938---- 1
093800-- 1
09380000 1
09380001 1
09380002 1
09380003 1
09380009 1
093801-- 1
09380100 1
09380109 1
093802-- 1
09380200 1
09380201 1
09380202 1
09380203 1
09380204 1
09380205 1
09380206 1
0944---- 1
094400-- 1
09440000 1
09440001 1
09440009 1
094401-- 1
09440100 1
09440101 1
0946---- 1
094601-- 1
09460101 1
09460102 1
09460103 1
09460104 1
094602-- 1
09460201 1
09460202 1
094603-- 1
09460301 1
09460302 1
09460303 1
09460304 1
09460305 1
094604-- 1
09460401 1
09460402 1
094605-- 1
09460501 1
09460502 1
0957---- 1
095700-- 1
09570000 1
09570001 1
09570002 1
09570003 1
09570004 1
095701-- 1
09570100 1
09570101 1
095702-- 1
09570200 1
09570201 1
09570202 1
09570203 1
09570204 1
095703-- 1
09570300 1
09570301 1
09570302 1
09570303 1
09570304 1
095704-- 1
09570400 1
09570401 1
09570402 1
09570403 1
095705-- 1
09570501 1
095706-- 1
09570600 1
09570601 1
095707-- 1
09570700 1
09570701 1
09570702 1
09570703 1
095708-- 1
09570800 1
09570801 1
09570802 1
09570804 1
09570805 1
09570806 1
09570809 1
095709-- 1
09570900 1
0965---- 1
096500-- 1
09650000 1
09650001 1
09650002 1
09650003 1
09650009 1
096501-- 1
09650100 1
09650101 1
09650102 1
09650103 1
0971---- 1
097100-- 1
09710000 1
09710001 1
09710002 1
09710003 1
09710004 1
09710005 1
097101-- 1
09710100 1
09710101 1
09710102 1
097102-- 1
09710200 1
09710201 1
09710202 1
09710203 1
0981---- 1
098100-- 1
09810000 1
09810001 1
09810003 1
09810005 1
09810006 1
09810007 1
09810008 1
09810009 1
098101-- 1
09810100 1
0983---- 1
098311-- 3
09831101 3
09831102 3
09831103 3
09831104 3
098312-- 3
09831201 3
09831202 3
09831203 3
09831204 3
09831205 3
09831206 3
09831207 3
09831208 3
09831209 3
09831210 3
098313-- 3
09831301 3
09831302 3
09831303 3
09831304 3
09831305 3
09831306 3
09831307 3
09831308 3
098314-- 3
09831401 3
09831402 3
09831403 3
09831404 3
09831405 3
098315-- 3
09831501 3
09831502 3
09831503 3
09831504 3
09831505 3
09831506 3
09831507 3
09831508 3
09831509 3
09831510 3
09831511 3
09831512 3
098316-- 3
09831601 3
09831602 3
09831603 3
09831604 3
09831605 3
09831606 3
098321-- 3
09832101 3
09832102 3
098322-- 3
09832201 3
09832202 3
09832203 3
098323-- 3
09832301 3
09832302 3
09832303 3
09832304 3
098324-- 3
09832401 3
09832402 3
09832403 3
09832404 3
098325-- 3
09832501 3
09832502 3
098326-- 3
09832601 3
09832602 3
09832603 3
098327-- 3
09832701 3
09832702 3
098328-- 3
09832801 3
09832802 3
09832803 3
09832804 3
09832805 3
09832806 3
09832807 3
09832808 3
09832809 3
09832810 3
09832811 3
09832812 3
098331-- 3
09833101 3
09833102 3
09833103 3
09833104 3
09833105 3
098332-- 3
09833201 3
09833202 3
09833203 3
09833204 3
09833205 3
09833206 3
09833207 3
098335-- 3
09833501 3
09833502 3
098341-- 3
09834101 3
09834102 3
09834103 3
09834104 3
09834105 3
09834106 3
09834107 3
098343-- 3
09834301 3
09834302 3
09834303 3
098344-- 3
09834401 3
09834402 3
09834403 3
09834404 3
098351-- 3
09835101 3
09835102 3
09835103 3
09835104 3
09835105 3
09835106 3
09835107 3
09835108 3
0984---- 1
098401-- 1
09840101 1
098402-- 1
09840201 1
098403-- 1
09840301 1
098404-- 1
09840401 1
098405-- 1
09840501 1
098406-- 1
09840601 1
098407-- 1
09840701 1
098408-- 1
09840801 1
098409-- 1
09840901 1
098410-- 1
09841001 1
098411-- 1
09841101 1
098412-- 1
09841201 1
09841202 1
09841203 1
098413-- 1
09841301 1
09841302 1
09841303 1
098414-- 1
09841401 1
098415-- 1
09841501 1
09841502 1
098416-- 1
09841601 1
09841602 1
098417-- 1
09841701 1
09841702 1
09841703 1
09841704 1
098418-- 1
09841801 1
098419-- 1
09841901 1
098420-- 1
09842001 1
098421-- 1
09842101 1
098422-- 1
09842201 1
098423-- 1
09842301 1
0986---- 1
098601-- 1
09860101 1
09860102 1
098602-- 1
09860201 1
09860202 1
09860203 1
098603-- 1
09860301 1
09860302 1
09860303 1
098604-- 1
09860401 1
09860402 1
09860403 1
09860404 1
09860405 1
09860406 1
098605-- 1
09860501 1
098609-- 1
09860900 1
0988---- 1
098801-- 1
09880101 1
09880102 1
09880103 1
09880104 1
09880105 1
098802-- 1
09880201 1
09880202 1
09880203 1
09880204 1
09880205 1
098803-- 1
09880301 1
09880302 1
09880303 1
098811-- 1
09881101 1
09881102 1
098812-- 1
09881201 1
098813-- 1
09881301 1
09881302 1
098814-- 1
09881401 1
09881402 1
098821-- 1
09882101 1
09882102 1
098822-- 1
09882201 1
09882202 1
098823-- 1
09882301 1
098824-- 1
09882401 1
09882402 1
09882403 1
098825-- 1
09882501 1
09882502 1
098831-- 1
09883101 1
09883102 1
098832-- 1
09883201 1
09883202 1
098833-- 1
09883301 1
09883302 1
098834-- 1
09883401 1
09883402 1
0994---- 1
099400-- 1
09940000 1
09940001 1
09940002 1
09940003 1
09940004 1
09940005 1
09940006 1
09940007 1
09940008 1
099401-- 1
09940100 1
09940101 1
09940102 1
09940103 1
09940104 1
099402-- 1
09940200 1
09940201 1
09940202 1
09940203 1
09940204 1
09940205 1
09940206 1
099403-- 1
09940300 1
09940301 1
09940302 1
099404-- 1
09940400 1
09940401 1
09940402 1
09940403 1
09940404 1
09940405 1
09940406 1
099405-- 1
09940500 1
0995---- 1
099501-- 1
09950110 1
09950111 1
09950112 1
09950113 1
09950114 1
09950115 1
09950117 1
09950118 1
09950119 1
09950161 1
09950162 1
09950166 1
09950172 1
09950174 1
099502-- 1
09950220 1
09950221 1
09950222 1
09950223 1
09950224 1
09950225 1
09950226 1
09950227 1
09950228 1
099503-- 1
09950310 1
09950311 1
09950312 1
09950313 1
09950314 1
09950315 1
09950316 1
09950317 1
099504-- 1
09950420 1
09950421 1
09950422 1
09950423 1
09950424 1
09950425 1
09950428 1
09950431 1
09950432 1
09950433 1
09950434 1
099505-- 1
09950521 1
09950522 1
09950523 1
09950524 1
09950525 1
09950526 1
09950527 1
09950528 1
099506-- 1
09950611 1
09950612 1
09950613 1
09950614 1
09950615 1
09950631 1
09950632 1
09950633 1
09950634 1
09950635 1
09950637 1
09950638 1
09950651 1
09950652 1
09950671 1
09950672 1
099507-- 1
09950711 1
09950712 1
09950713 1
09950731 1
09950732 1
09950733 1
09950734 1
09950741 1
09950742 1
09950743 1
09950744 1
09950747 1
09950748 1
09950766 1
099508-- 1
09950822 1
09950836 1
09950851 1
09950852 1
09950853 1
09950871 1
09950872 1
09950881 1
09950882 1
099509-- 1
09950961 1
09950962 1
09950963 1
09950964 1
09950965 1
099510-- 1
09951017 1
09951018 1
09951019 1
09951029 1
09951031 1
09951037 1
09951039 1
09951041 1
09951047 1
09951049 1
09951058 1
09951059 1
09951067 1
09951068 1
09951069 1
09951070 1
09951071 1
09951073 1
09951074 1
09951075 1
09951076 1
09951078 1
09951081 1
09951082 1
09951083 1
09951084 1
09951085 1
09951087 1
09951088 1
09951097 1
09951098 1
099511-- 1
09951111 1
09951112 1
09951113 1
09951121 1
09951122 1
09951131 1
09951132 1
09951133 1
09951134 1
09951149 1
09951161 1
1507---- 1
150700-- 1
15070000 1
15070009 1
150701-- 1
15070100 1
15070101 1
15070102 1
15070109 1
150702-- 1
15070200 1
15070209 1
150703-- 1
15070300 1
15070309 1
150704-- 1
15070400 1
15070401 1
15070402 1
15070403 1
15070404 1
15070405 1
15070406 1
15070407 1
15070408 1
15070409 1
15070410 1
15070419 1
150705-- 1
15070500 1
15070509 1
150706-- 1
15070600 1
15070609 1
150707-- 1
15070700 1
15070709 1
150708-- 1
15070800 1
15070801 1
15070802 1
15070803 1
15070804 1
15070809 1
150709-- 1
15070900 1
15070909 1
150710-- 1
15071000 1
15071001 1
15071009 1
150711-- 1
15071100 1
15071109 1
150712-- 1
15071200 1
15071209 1
150713-- 1
15071300 1
15071309 1
150714-- 1
15071400 1
15071409 1
150715-- 1
15071500 1
15071509 1
1509---- 1
150900-- 1
15090000 1
15090001 1
15090002 1
15090003 1
15090004 1
15090007 1
15090008 1
15090009 1
150901-- 1
15090100 1
15090101 1
15090102 1
15090103 1
15090104 1
15090105 1
15090106 1
15090107 1
15090108 1
15090109 1
150902-- 1
15090200 1
15090201 1
15090202 1
15090203 1
15090207 1
15090208 1
150903-- 1
15090300 1
15090301 1
15090302 1
15090303 1
15090306 1
15090307 1
15090308 1
15090309 1
1525---- 1
152501-- 1
15250101 1
15250102 1
15250103 1
15250104 1
152502-- 1
15250201 1
15250202 1
15250203 1
15250204 1
15250205 1
152503-- 1
15250301 1
15250302 1
15250303 1
15250304 1
152504-- 1
15250401 1
15250402 1
15250403 1
15250404 1
15250405 1
152511-- 1
15251101 1
15251102 1
15251103 1
15251104 1
152512-- 1
15251201 1
15251202 1
15251203 1
15251204 1
15251205 1
15251206 1
15251207 1
15251208 1
152513-- 1
15251301 1
15251302 1
15251303 1
15251304 1
152514-- 1
15251401 1
15251402 1
15251403 1
15251404 1
15251405 1
15251406 1
15251407 1
15251408 1
152515-- 1
15251501 1
15251502 1
15251503 1
152521-- 1
15252101 1
15252102 1
15252103 1
15252104 1
152522-- 1
15252201 1
15252202 1
1581---- 1
158100-- 1
15810000 1
15810001 1
15810002 1
15810003 1
15810004 1
15810007 1
15810008 1
15810009 1
158101-- 1
15810101 1
15810102 1
15810103 1
15810104 1
15810105 1
15810106 1
15810107 1
15810108 1
15810109 1
15810110 1
158102-- 1
15810200 1
15810201 1
15810206 1
15810207 1
15810208 1
15810209 1
158103-- 1
15810300 1
15810302 1
15810308 1
15810309 1
158104-- 1
15810400 1
15810402 1
15810403 1
15810408 1
15810409 1
1586---- 1
158601-- 1
15860101 1
15860102 1
15860103 1
15860104 1
15860105 1
15860106 1
15860107 1
15860108 1
15860109 1
15860110 1
15860111 1
15860112 1
15860113 1
15860114 1
15860115 1
15860116 1
158602-- 1
15860201 1
15860202 1
158603-- 1
15860301 1
15860302 1
158604-- 1
15860401 1
15860402 1
158605-- 1
15860501 1
15860502 1
158606-- 1
15860601 1
15860602 1
15860603 1
15860604 1
15860605 1
15860606 1
15860607 1
15860608 1
15860609 1
15860610 1
15860611 1
15860612 1
15860613 1
15860614 1
15860615 1
158607-- 1
15860701 1
15860702 1
1598---- 1
159801-- 1
15980101 1
15980102 1
15980103 1
15980104 1
15980105 1
15980106 1
15980107 1
15980108 1
15980109 1
15980110 1
15980111 1
15980112 1
15980113 1
159802-- 1
15980201 1
15980202 1
15980203 1
159803-- 1
15980301 1
15980302 1
15980303 1
159804-- 1
15980401 1
15980402 1
15980403 1
159805-- 1
15980501 1
15980502 1
15980503 1
15980504 1
15980505 1
15980506 1
15980507 1
159806-- 1
15980601 1
15980602 1
15980603 1
15980604 1
15980605 1
15980606 1
15980607 1
15980608 1
15980609 1
15980610 1
159807-- 1
15980701 1
15980702 1
15980703 1
15980704 1
15980705 1
15980706 1
15980707 1
15980708 1
15980709 1
159808-- 1
15980801 1
15980802 1
15980803 1
15980804 1
15980805 1
15980806 1
15980807 1
15980808 1
159809-- 1
15980901 1
15980902 1
159810-- 1
15981001 1
15981002 1
1621---- 1
162111-- 1
16211111 1
16211121 1
162112-- 1
16211211 1
16211221 1
16211231 1
162113-- 1
16211311 1
16211321 1
16211331 1
162114-- 1
16211411 1
162115-- 1
16211514 1
16211522 1
16211531 1
16211543 1
16211552 1
162121-- 1
16212111 1
16212121 1
16212131 1
16212144 1
162122-- 1
16212211 1
16212221 1
16212231 1
16212241 1
16212254 1
162123-- 1
16212311 1
16212321 1
16212331 1
162124-- 1
16212412 1
162125-- 1
16212511 1
16212521 1
16212531 1
16212541 1
162126-- 1
16212611 1
16212621 1
16212633 1
16212644 1
162127-- 1
16212711 1
16212721 1
16212731 1
16212741 1
162128-- 1
16212814 1
16212823 1
16212833 1
16212843 1
16212851 1
16212864 1
162131-- 1
16213111 1
16213121 1
16213133 1
16213141 1
16213162 1
162132-- 1
16213211 1
16213221 1
16213231 1
16213242 1
16213251 1
16213261 1
162133-- 1
16213312 1
16213323 1
16213334 1
16213344 1
16213353 1
1640---- 1
164000-- 1
16400000 1
16400001 1
164001-- 1
16400100 1
16400101 1
164002-- 1
16400200 1
16400201 1
164003-- 1
16400300 1
16400301 1
164004-- 1
16400400 1
16400401 1
164005-- 1
16400500 1
16400501 1
164006-- 1
16400600 1
16400601 1
164007-- 1
16400700 1
16400701 1
164008-- 1
16400800 1
16400801 1
164009-- 1
16400900 1
16400901 1
164010-- 1
16401000 1
16401001 1
164011-- 1
16401100 1
16401101 1
164012-- 1
16401200 1
16401201 1
164013-- 1
16401300 1
16401301 1
164014-- 1
16401400 1
16401401 1
164015-- 1
16401500 1
16401501 1
1641---- 1
164100-- 1
16410000 1
16410001 1
16410009 1
164101-- 1
16410100 1
16410109 1
164102-- 1
16410200 1
16410201 1
164103-- 1
16410300 1
16410301 1
164104-- 1
16410400 1
16410409 1
164105-- 1
16410500 1
16410501 1
16410509 1
164106-- 1
16410600 1
164107-- 1
16410700 1
1652---- 1
165200-- 1
16520000 1
16520008 1
165201-- 1
16520101 1
16520104 1
16520107 1
165202-- 1
16520202 1
16520203 1
16520209 1
165203-- 1
16520300 1
16520308 1
16520309 1
165204-- 1
16520400 1
16520408 1
16520409 1
165205-- 1
16520500 1
16520509 1
165206-- 1
16520600 1
16520608 1
16520609 1
165207-- 1
16520700 1
16520708 1
16520709 1
165208-- 1
16520800 1
16520809 1
1655---- 1
165501-- 1
16550101 1
16550102 1
16550109 1
165502-- 1
16550201 1
16550209 1
165503-- 1
16550301 1
16550302 1
16550303 1
16550304 1
16550305 1
16550307 1
16550308 1
16550309 1
165504-- 1
16550401 1
16550402 1
16550403 1
16550408 1
16550409 1
165505-- 1
16550501 1
16550509 1
1658---- 1
165800-- 3
16580001 3
16580010 3
16580011 3
16580012 3
16580013 3
16580014 3
16580015 3
16580016 3
16580017 3
16580018 3
16580019 3
16580020 3
16580021 3
16580022 3
16580023 3
16580024 3
165801-- 3
16580101 3
16580108 3
16580110 3
16580111 3
16580112 3
16580113 3
16580115 3
16580116 3
16580117 3
16580118 3
16580119 3
165802-- 1
16580200 3
16580209 3
165803-- 1
16580310 3
16580311 3
16580312 3
16580313 3
1659---- 1
165900-- 1
16590000 1
16590001 1
16590002 1
16590003 1
16590009 1
165901-- 1
16590100 1
16590101 1
16590102 1
16590108 1
16590109 1
165902-- 1
16590200 1
16590201 1
16590209 1
165903-- 1
16590300 1
16590309 1
1667---- 1
166700-- 1
16670000 1
16670001 1
16670002 1
16670008 1
16670009 1
166701-- 1
16670100 1
16670109 1
166702-- 1
16670200 1
16670209 1
166703-- 1
16670300 1
16670309 1
1669---- 1
166901-- 1
16690101 1
16690109 1
166902-- 1
16690201 1
16690202 1
16690203 1
16690204 1
16690209 1
166903-- 1
16690301 1
16690309 1
166904-- 1
16690401 1
16690402 1
16690403 1
16690404 1
16690409 1
166905-- 1
16690501 1
16690502 1
16690503 1
16690509 1
166906-- 1
16690601 1
16690602 1
16690603 1
16690604 1
16690605 1
16690609 1
1674---- 1
167400-- 1
16740000 1
16740001 1
16740002 1
16740003 1
167401-- 1
16740100 1
16740101 1
16740102 1
167402-- 1
16740200 1
16740201 1
16740202 1
16740209 1
167403-- 1
16740300 1
16740301 1
16740302 1
16740303 1
16740309 1
167404-- 1
16740400 1
16740401 1
16740402 1
16740403 1
16740404 1
16740405 1
16740409 1
167405-- 1
16740500 1
16740501 1
16740502 1
16740509 1
167406-- 1
16740600 1
16740601 1
16740602 1
16740603 1
16740609 1
167407-- 1
16740700 1
16740701 1
16740702 1
16740703 1
16740705 1
16740706 1
16740709 1
167408-- 1
16740800 1
16740801 1
16740802 1
16740803 1
16740804 1
167410-- 1
16741000 1
16741009 1
167411-- 1
16741100 1
16741108 1
16741109 1
167412-- 1
16741200 1
16741209 1
167413-- 1
16741300 1
16741309 1
167414-- 1
16741400 1
16741409 1
1676---- 1
167600-- 1
16760000 1
16760001 1
16760002 1
16760003 1
16760004 1
16760007 1
16760008 1
16760009 1
167601-- 1
16760100 1
16760109 1
167602-- 1
16760200 1
16760209 1
167603-- 1
16760300 1
16760309 1
167604-- 1
16760400 1
16760401 1
16760409 1
167605-- 1
16760500 1
16760501 1
16760509 1
167606-- 1
16760600 1
16760609 1
167607-- 1
16760700 1
16760701 1
16760708 1
16760709 1
167608-- 1
16760800 1
16760809 1
167609-- 1
16760900 1
16760909 1
167610-- 1
16761000 1
16761009 1
167611-- 1
16761100 1
16761109 1
167612-- 1
16761200 1
16761201 1
16761202 1
16761203 1
16761204 1
16761205 1
16761208 1
16761209 1
167613-- 1
16761300 1
16761301 1
16761302 1
16761303 1
16761309 1
167614-- 1
16761400 1
16761409 1
167615-- 1
16761500 1
16761509 1
1680---- 1
168000-- 1
16800000 1
16800009 1
168001-- 1
16800100 1
16800109 1
168002-- 1
16800200 1
16800209 1
168003-- 1
16800300 1
16800309 1
168004-- 1
16800400 1
16800409 1
168005-- 1
16800500 1
16800509 1
168006-- 1
16800600 1
16800609 1
168007-- 1
16800700 1
16800709 1
168008-- 1
16800800 1
16800809 1
168009-- 1
16800900 1
16800909 1
168011-- 1
16801100 1
16801109 1
168012-- 1
16801200 1
16801209 1
168013-- 1
16801300 1
16801309 1
168014-- 1
16801400 1
16801401 1
16801409 1
168015-- 1
16801500 1
16801501 1
16801509 1
168016-- 1
16801600 1
16801601 1
16801609 1
168017-- 1
16801700 1
16801709 1
168018-- 1
16801800 1
16801801 1
16801802 1
16801809 1
168019-- 1
16801900 1
16801901 1
16801902 1
16801903 1
16801908 1
16801909 1
168020-- 1
16802000 1
16802001 1
16802008 1
16802009 1
168021-- 1
16802100 1
16802101 1
16802109 1
1681---- 1
168100-- 1
16810001 1
16810009 1
168101-- 1
16810101 1
16810102 1
16810103 1
16810104 1
16810109 1
168102-- 1
16810209 1
168103-- 1
16810309 1
168179-- 1
16817901 1
16817909 1
168180-- 1
16818001 1
16818002 1
16818003 1
16818009 1
168181-- 1
16818109 1
168182-- 1
16818201 1
16818202 1
16818203 1
16818204 1
16818205 1
16818206 1
16818209 1
168183-- 1
16818309 1
168184-- 1
16818409 1
168185-- 1
16818501 1
16818509 1
168186-- 1
16818601 1
16818609 1
168187-- 1
16818701 1
16818709 1
168188-- 1
16818801 1
16818809 1
168189-- 1
16818909 1
168190-- 1
16819001 1
16819009 1
168191-- 1
16819109 1
168192-- 1
16819209 1
168193-- 1
16819309 1
168194-- 1
16819409 1
168195-- 1
16819501 1
16819502 1
16819503 1
16819509 1
168196-- 1
16819601 1
16819609 1
168197-- 1
16819701 1
16819702 1
16819703 1
16819704 1
16819705 1
16819709 1
168198-- 1
16819801 1
16819802 1
16819803 1
16819809 1
168199-- 1
16819901 1
16819909 1
1690---- 1
169000-- 1
16900000 1
16900009 1
169001-- 1
16900100 1
16900109 1
169002-- 1
16900200 1
16900209 1
169003-- 1
16900300 1
16900309 1
169004-- 1
16900400 1
16900409 1
169005-- 1
16900500 1
16900509 1
169006-- 1
16900600 1
16900609 1
169007-- 1
16900700 1
16900709 1
169008-- 1
16900800 1
16900801 1
16900802 1
16900803 1
16900804 1
16900809 1
169009-- 1
16900900 1
16900909 1
169010-- 1
16901000 1
16901009 1
169011-- 1
16901100 1
16901101 1
16901102 1
16901103 1
16901104 1
16901105 1
16901109 1
169012-- 1
16901200 1
16901201 1
16901202 1
16901203 1
16901209 1
169013-- 1
16901300 1
16901309 1
1695---- 1
169500-- 1
16950000 1
16950001 1
16950009 1
169501-- 1
16950100 1
16950109 1
169502-- 1
16950200 1
16950209 1
169503-- 1
16950300 1
16950301 1
16950309 1
169504-- 1
16950400 1
16950409 1
169505-- 1
16950500 1
16950509 1
1696---- 1
169600-- 1
16960000 1
169601-- 1
16960100 1
16960101 1
16960102 1
16960103 1
169602-- 1
16960200 1
16960201 1
16960202 1
169603-- 1
16960300 1
169604-- 1
16960400 1
16960401 1
16960402 1
169605-- 1
16960500 1
169606-- 1
16960601 1
16960602 1
16960603 1
16960604 1
1699---- 1
169900-- 1
16990000 1
16990010 1
16990020 1
16990030 1
16990040 1
16990050 1
16990060 1
16990070 1
16990080 1
16990090 1
169901-- 1
16990100 1
16990110 1
16990120 1
16990130 1
16990140 1
169903-- 1
16990300 1
16990310 1
16990320 1
16990330 1
16990340 1
16990350 1
16990360 1
16990370 1
16990380 1
16990390 1
169904-- 1
16990400 1
16990410 1
16990420 1
16990430 1
16990440 1
16990450 1
169906-- 1
16990600 1
16990610 1
16990620 1
16990630 1
1700---- 1
170001-- 1
17000101 1
17000102 1
17000103 1
17000104 1
17000105 1
17000106 1
17000107 1
17000108 1
170002-- 1
17000201 1
17000202 1
17000203 1
17000204 1
17000205 1
170003-- 1
17000301 1
17000302 1
17000303 1
17000304 1
170004-- 1
17000401 1
17000402 1
17000403 1
17000404 1
17000405 1
17000406 1
170005-- 1
17000501 1
17000502 1
17000503 1
170006-- 1
17000601 1
1701---- 1
170100-- 1
17010000 1
17010003 1
17010009 1
170101-- 1
17010100 1
17010109 1
170102-- 1
17010200 1
17010209 1
170103-- 1
17010300 1
17010301 1
17010302 1
17010303 1
17010309 1
170104-- 1
17010400 1
17010401 1
17010409 1
170105-- 1
17010500 1
17010509 1
170106-- 1
17010600 1
17010601 1
17010609 1
170107-- 1
17010700 1
17010709 1
170108-- 1
17010800 1
17010801 1
17010802 1
17010809 1
170109-- 1
17010900 1
17010909 1
170110-- 1
17011000 1
17011001 1
17011002 1
17011009 1
170111-- 1
17011100 1
17011109 1
170112-- 1
17011200 1
17011209 1
170113-- 1
17011300 1
17011309 1
170114-- 1
17011400 1
17011409 1
170115-- 1
17011500 1
17011509 1
170116-- 1
17011600 1
17011609 1
170117-- 1
17011709 1
1705---- 1
170500-- 1
17050000 1
17050001 1
17050002 1
17050003 1
17050004 1
17050005 1
17050006 1
17050007 1
17050008 1
17050009 1
17050010 1
17050011 1
17050012 1
170501-- 1
17050100 1
17050101 1
17050102 1
17050103 1
17050104 1
17050105 1
17050106 1
170502-- 1
17050200 1
17050201 1
17050202 1
17050203 1
17050204 1
17050205 1
17050206 1
17050207 1
17050208 1
17050209 1
17050210 1
17050211 1
17050212 1
17050213 1
170503-- 1
17050300 1
170504-- 1
17050400 1
17050401 1
170505-- 1
17050500 1
17050501 1
170506-- 1
17050600 3
17050601 3
170507-- 1
17050700 1
1706---- 1
170600-- 1
17060000 1
17060001 1
17060002 1
17060008 1
17060009 1
170601-- 1
17060100 1
17060101 1
17060109 1
170602-- 1
17060200 1
17060201 1
17060209 1
170603-- 1
17060300 1
17060301 1
17060302 1
17060308 1
17060309 1
170604-- 1
17060400 1
17060409 1
170605-- 1
17060500 1
17060509 1
1708---- 1
170800-- 1
17080001 1
17080002 1
17080003 1
17080004 1
17080005 1
17080006 1
17080007 1
17080008 1
17080009 1
17080010 1
17080011 1
17080012 1
17080014 1
17080028 1
17080029 1
17080030 1
170802-- 1
17080200 1
17080201 1
17080209 1
170803-- 1
17080300 1
17080309 1
170804-- 1
17080400 1
17080408 1
17080409 1
170805-- 1
17080500 1
17080501 1
17080509 1
170806-- 1
17080600 1
17080608 1
17080609 1
170807-- 1
17080700 1
17080701 1
17080702 1
17080709 1
170808-- 1
17080800 1
17080808 1
17080809 1
17080810 1
17080811 1
17080812 1
17080813 1
170810-- 1
17081000 1
17081001 1
170811-- 1
17081100 1
17081102 1
17081103 1
17081104 1
17081105 1
17081106 1
17081107 1
17081108 1
170816-- 1
17081600 1
17081601 1
17081608 1
17081609 1
170817-- 1
17081700 1
17081701 1
17081702 1
17081703 1
17081704 1
17081705 1
17081706 1
17081707 1
170818-- 1
17081800 1
17081801 1
170819-- 1
17081900 1
17081901 1
170820-- 1
17082000 1
17082001 1
170821-- 1
17082100 1
17082101 1
170822-- 1
17082200 1
170823-- 1
17082300 1
170824-- 1
17082400 1
17082401 1
170825-- 1
17082500 1
170826-- 1
17082600 1
17082601 1
170827-- 1
17082700 1
170828-- 1
17082800 1
17082801 1
170829-- 1
17082900 1
17082901 1
170830-- 1
17083000 1
17083001 1
170831-- 1
17083100 1
170832-- 1
17083200 1
170833-- 1
17083300 1
17083301 1
170834-- 1
17083400 1
17083401 1
170835-- 1
17083500 1
170836-- 1
17083600 1
1709---- 1
170900-- 1
17090000 1
17090001 1
17090002 1
17090003 1
17090004 1
17090005 1
17090006 1
17090008 1
17090009 1
170901-- 1
17090100 1
17090109 1
170902-- 1
17090200 1
17090209 1
170903-- 1
17090300 1
17090301 1
17090302 1
17090303 1
17090309 1
170904-- 1
17090400 1
17090401 1
17090409 1
170905-- 1
17090500 1
17090509 1
170906-- 1
17090600 1
17090601 1
17090609 1
170907-- 1
17090700 1
17090701 1
17090702 1
17090703 1
17090709 1
170908-- 1
17090800 1
17090809 1
170909-- 1
17090900 1
17090901 1
17090902 1
17090909 1
170910-- 1
17091000 1
17091009 1
1711---- 1
171101-- 1
17110153 1
17110158 1
17110159 1
17110160 1
17110161 1
17110163 1
17110165 1
17110166 1
17110167 1
171102-- 1
17110264 1
17110268 1
171103-- 1
17110312 1
17110313 1
17110362 1
171104-- 1
17110414 1
17110415 1
17110416 1
17110417 1
17110418 1
17110419 1
17110456 1
171105-- 1
17110520 1
17110521 1
17110522 1
17110523 1
17110524 1
17110525 1
17110526 1
17110527 1
17110547 1
17110548 1
17110549 1
17110551 1
17110554 1
17110555 1
17110557 1
17110569 1
171106-- 1
17110628 1
17110629 1
17110630 1
171107-- 1
17110731 1
17110732 1
17110733 1
17110734 1
17110735 1
17110750 1
171108-- 1
17110836 1
17110837 1
171109-- 1
17110938 1
17110939 1
17110940 1
171110-- 1
17111041 1
17111042 1
171111-- 1
17111143 1
17111144 1
17111145 1
17111146 1
17111152 1
1714---- 1
171400-- 1
17140000 1
17140001 1
17140009 1
171401-- 1
17140100 1
17140109 1
171402-- 1
17140200 1
17140209 1
171403-- 1
17140300 1
17140309 1
171404-- 1
17140400 1
17140409 1
171405-- 1
17140500 1
17140509 1
171406-- 1
17140600 1
17140609 1
171407-- 1
17140700 1
17140701 1
17140709 1
171408-- 1
17140800 1
17140801 1
17140809 1
171409-- 1
17140900 1
17140909 1
171410-- 1
17141000 1
17141009 1
171411-- 1
17141100 1
17141101 1
17141108 1
17141109 1
171412-- 1
17141200 1
17141209 1
171413-- 1
17141300 1
17141309 1
171414-- 1
17141400 1
17141409 1
1719---- 1
171901-- 1
17190101 1
17190102 1
17190103 1
17190104 1
171902-- 1
17190201 1
17190202 1
17190203 1
17190204 1
17190205 1
17190206 1
17190207 1
17190208 1
17190209 1
17190210 1
171903-- 1
17190301 1
17190302 1
17190303 1
17190304 1
17190305 1
17190306 1
17190307 1
17190308 1
17190309 1
171904-- 1
17190401 1
17190402 1
17190403 1
171905-- 1
17190501 1
17190502 1
17190503 1
17190504 1
17190505 1
171906-- 1
17190601 1
17190602 1
17190603 1
17190604 1
17190605 1
17190606 1
17190607 1
1721---- 1
172101-- 3
17210101 1
17210102 1
17210103 1
17210104 1
17210105 1
17210106 1
17210107 1
17210108 1
17210109 3
17210110 3
17210111 1
17210112 1
17210113 1
17210114 1
17210115 1
17210116 1
17210117 1
17210118 1
17210119 3
17210120 1
172102-- 1
17210201 1
17210202 1
17210203 1
17210204 1
17210205 1
17210206 1
17210207 1
17210208 1
17210209 1
17210210 1
17210211 1
172103-- 1
17210301 1
17210302 1
17210303 1
17210304 1
17210305 1
17210306 1
17210307 1
17210308 1
17210309 1
17210310 1
172104-- 3
17210401 1
17210402 1
17210403 3
172105-- 1
17210501 1
17210502 1
17210503 1
17210504 1
17210505 1
17210506 1
172106-- 1
17210601 1
17210602 1
17210603 1
1723---- 1
172301-- 1
17230101 1
17230102 1
17230103 1
17230104 1
17230105 1
17230106 1
17230107 1
172302-- 1
17230201 1
17230202 1
17230203 1
17230204 1
17230205 1
17230206 1
17230207 1
172303-- 1
17230301 1
172304-- 1
17230401 1
17230402 1
172305-- 1
17230501 1
172306-- 1
17230601 1
1724---- 1
172400-- 1
17240001 1
17240002 1
17240003 1
17240004 1
17240005 1
17240006 1
17240007 1
17240008 1
17240009 1
17240010 1
17240011 1
17240012 1
17240013 1
17240014 1
17240015 1
17240016 1
17240017 1
172401-- 1
17240101 1
172402-- 1
17240201 1
17240202 1
17240203 1
17240204 1
17240205 1
17240206 1
17240207 1
17240208 1
17240209 1
17240210 1
17240211 1
172403-- 1
17240301 1
17240302 1
17240303 1
17240304 1
17240306 1
17240307 1
172404-- 1
17240401 1
17240402 1
17240403 1
17240404 1
17240405 1
17240406 1
17240407 1
17240408 1
17240409 1
172405-- 1
17240501 1
17240502 1
17240503 1
17240504 1
17240505 1
172406-- 1
17240601 1
17240602 1
17240603 1
17240604 1
17240605 1
17240606 1
17240607 1
17240608 1
17240609 1
17240610 1
1728---- 1
172800-- 1
17280000 1
17280001 1
17280002 1
17280003 1
17280004 1
17280005 1
17280006 1
17280007 1
17280008 1
17280009 1
172801-- 1
17280100 1
17280109 1
172802-- 1
17280200 1
17280201 1
17280202 1
17280203 1
17280204 1
17280207 1
17280208 1
17280209 1
172803-- 1
17280300 1
17280301 1
17280309 1
172804-- 1
17280400 1
17280409 1
1729---- 1
172900-- 1
17290000 1
17290001 1
17290002 1
17290003 1
17290009 1
172901-- 1
17290100 1
17290101 1
17290102 1
17290103 1
17290109 1
172902-- 1
17290200 1
17290201 1
17290202 1
17290209 1
172903-- 1
17290300 1
17290301 1
17290302 1
17290309 1
172904-- 1
17290400 1
17290401 1
17290402 1
17290409 1
172905-- 1
17290500 1
17290501 1
17290509 1
172906-- 1
17290600 1
17290601 1
17290602 1
17290603 1
1730---- 1
173000-- 1
17300000 1
17300001 1
17300009 1
173001-- 1
17300100 1
17300109 1
173002-- 1
17300200 1
17300209 1
173003-- 1
17300300 1
17300309 1
173004-- 1
17300400 1
17300401 1
17300402 1
17300403 1
173005-- 1
17300500 1
17300509 1
173006-- 1
17300600 1
17300609 1
173007-- 1
17300700 1
17300701 1
17300709 1
173008-- 1
17300800 1
17300805 1
17300809 1
173009-- 1
17300900 1
17300909 1
173010-- 1
17301000 1
17301009 1
173011-- 1
17301100 1
17301101 1
17301108 1
17301109 1
173012-- 1
17301200 1
17301201 1
17301208 1
17301209 1
173013-- 1
17301300 1
17301309 1
173014-- 1
17301400 1
17301401 1
17301402 1
17301407 1
17301408 1
17301409 1
173015-- 1
17301500 1
17301509 1
1731---- 1
173100-- 1
17310000 1
17310001 1
17310002 1
17310003 1
17310009 1
173101-- 1
17310100 1
17310101 1
17310109 1
173102-- 1
17310200 1
17310201 1
17310209 1
173103-- 1
17310300 1
17310309 1
173104-- 1
17310400 1
17310409 1
173105-- 1
17310500 1
17310509 1
173106-- 1
17310600 1
17310601 1
17310602 1
17310609 1
173107-- 1
17310700 1
17310701 1
17310702 1
17310709 1
173108-- 1
17310800 1
17310801 1
17310802 1
17310809 1
173109-- 1
17310900 1
17310901 1
17310909 1
173110-- 1
17311000 1
17311001 1
17311009 1
173111-- 1
17311100 1
17311109 1
173112-- 1
17311200 1
17311209 1
173113-- 1
17311309 1
173114-- 1
17311400 1
17311409 1
173115-- 1
17311500 1
17311509 1
173116-- 1
17311600 1
17311601 1
17311602 1
17311609 1
1734---- 1
173401-- 1
17340101 1
17340102 1
17340103 1
17340104 1
173402-- 1
17340201 1
17340202 1
17340203 1
17340204 1
17340205 1
17340206 1
17340207 1
173403-- 1
17340301 1
17340302 1
17340303 1
17340304 1
17340305 1
17340306 1
173404-- 1
17340401 1
17340402 1
173405-- 1
17340501 1
17340502 1
17340503 1
17340504 1
17340505 1
173406-- 1
17340601 1
17340602 1
17340603 1
173407-- 1
17340701 1
17340702 1
17340703 1
17340704 1
17340705 1
17340706 1
173408-- 1
17340801 1
17340802 1
17340803 1
17340804 1
173409-- 1
17340901 1
17340902 1
17340903 1
17340904 1
17340905 1
173410-- 1
17341001 1
17341002 1
17341003 1
17341004 1
17341005 1
17341006 1
173411-- 1
17341101 1
17341102 1
17341103 1
17341104 1
17341105 1
17341106 1
17341107 1
173412-- 1
17341201 1
17341202 1
173413-- 1
17341301 1
17341302 1
173414-- 1
17341401 1
17341402 1
17341403 1
17341404 1
17341405 1
173415-- 1
17341501 1
17341502 1
17341503 1
17341504 1
17341505 1
17341506 1
17341507 1
173416-- 1
17341601 1
17341602 1
17341603 1
173417-- 1
17341701 1
17341702 1
17341704 1
17341705 1
17341706 1
173418-- 1
17341801 1
17341802 1
17341803 1
17341804 1
17341805 1
17341806 1
17341807 1
17341808 1
17341809 1
17341810 1
173419-- 1
17341903 1
1735---- 1
173500-- 1
17350000 1
17350001 1
17350002 1
17350003 1
17350004 1
17350005 1
17350006 1
17350007 1
17350008 1
17350009 1
173501-- 1
17350100 1
17350101 1
17350102 1
17350109 1
173502-- 1
17350200 1
17350206 1
17350207 1
17350208 1
17350209 1
173503-- 1
17350309 1
173504-- 1
17350407 1
17350408 1
17350409 1
173505-- 1
17350500 1
17350501 1
17350508 1
17350509 1
173506-- 1
17350600 1
17350601 1
17350602 1
17350603 1
17350604 1
17350605 1
17350606 1
17350607 1
17350608 1
17350609 1
173507-- 1
17350700 1
17350709 1
173508-- 1
17350800 1
17350805 1
17350806 1
17350807 1
17350808 1
17350809 1
173509-- 1
17350900 1
17350908 1
17350909 1
1740---- 1
174000-- 1
17400000 1
17400001 1
17400006 1
17400007 1
17400008 1
17400009 1
174001-- 1
17400100 1
17400101 1
17400102 1
17400103 1
17400106 1
17400107 1
17400108 1
17400109 1
174002-- 1
17400200 1
17400201 1
17400208 1
17400209 1
1742---- 1
174200-- 1
17420000 1
17420004 1
17420005 1
17420006 1
17420007 1
17420008 1
174202-- 1
17420207 1
17420208 1
17420209 1
174203-- 1
17420301 1
17420302 1
17420303 1
17420304 1
17420305 1
17420308 1
17420309 1
17420310 1
17420311 1
174204-- 1
17420401 1
17420402 1
174205-- 1
17420500 1
17420501 1
17420502 1
17420503 1
17420504 1
17420505 1
17420506 1
17420507 1
17420508 1
17420509 1
174207-- 1
17420701 1
174208-- 1
17420801 1
174209-- 1
17420901 1
17420902 1
17420904 1
174210-- 1
17421001 1
17421002 1
17421003 1
17421004 1
17421005 1
17421006 1
17421007 1
174211-- 1
17421106 1
17421107 1
17421108 1
17421109 1
1771---- 1
177100-- 1
17710000 1
17710001 1
17710002 1
17710003 1
17710004 1
17710005 1
17710006 1
17710007 1
17710008 1
17710009 1
177101-- 1
17710110 1
17710111 1
17710112 1
17710113 1
17710114 1
1773---- 1
177301-- 1
17730111 1
17730112 1
17730113 1
17730114 1
17730115 1
177302-- 1
17730216 1
17730217 1
17730218 1
17730219 1
177303-- 1
17730320 1
17730321 1
177304-- 1
17730422 1
17730423 1
177305-- 1
17730524 1
17730525 1
177306-- 1
17730626 1
177307-- 1
17730727 1
17730728 1
177308-- 1
17730829 1
177309-- 1
17730930 1
177310-- 1
17731031 1
177311-- 1
17731132 1
177312-- 1
17731233 1
1774---- 1
177410-- 1
17741010 1
17741011 1
17741012 1
17741013 1
17741014 1
17741015 1
17741017 1
17741020 1
17741021 1
17741050 1
17741051 1
17741099 1
177411-- 1
17741110 1
17741198 1
17741199 1
177412-- 1
17741210 1
17741299 1
177413-- 1
17741398 1
17741399 1
177414-- 1
17741410 1
17741499 1
177415-- 1
17741510 1
17741511 1
17741512 1
17741513 1
17741514 1
17741515 1
17741516 1
17741550 1
17741598 1
17741599 1
177416-- 1
17741610 1
17741611 1
17741612 1
17741613 1
17741614 1
17741650 1
17741699 1
177417-- 1
17741710 1
17741799 1
177418-- 1
17741810 1
17741899 1
177419-- 1
17741910 1
17741999 1
177420-- 1
17742099 1
177421-- 1
17742199 1
1783---- 1
178301-- 1
17830101 1
17830103 1
17830105 1
17830111 1
17830113 1
17830151 1
17830154 1
17830155 1
17830157 1
17830158 1
17830159 1
17830160 1
17830161 1
178302-- 1
17830201 1
17830207 1
17830211 1
17830251 1
17830253 1
17830256 1
17830257 1
178303-- 1
17830301 1
17830306 1
17830351 1
17830352 1
178304-- 1
17830401 1
17830402 1
17830403 1
17830404 1
17830405 1
17830406 1
17830407 1
17830408 1
17830409 1
17830410 1
17830420 1
17830421 1
17830480 1
178305-- 1
17830502 1
17830504 1
17830505 1
17830506 1
17830507 1
17830508 1
17830509 1
17830510 1
17830511 1
17830512 1
178306-- 1
17830601 1
17830602 1
17830603 1
17830606 1
17830607 1
17830608 1
17830609 1
17830610 1
17830611 1
17830612 1
178307-- 1
17830701 1
17830702 1
17830703 1
17830704 1
17830710 1
17830711 1
17830712 1
17830713 1
17830714 1
178308-- 1
17830801 1
17830802 1
17830803 1
178309-- 1
17830901 1
17830902 1
17830903 1
17830904 1
17830905 1
17830906 1
17830907 1
178310-- 1
17831001 1
1842---- 1
184200-- 1
18420000 1
18420001 1
18420002 1
18420004 1
18420005 1
18420007 1
18420009 1
184201-- 1
18420100 1
18420101 1
18420103 1
18420106 1
18420108 1
18420109 1
1859---- 1
185900-- 1
18590000 1
18590002 1
18590003 1
18590004 1
18590005 1
18590006 1
18590007 1
18590008 1
18590009 1
18590010 1
18590011 1
18590012 1
18590013 1
18590014 1
18590015 1
18590016 1
18590017 1
18590018 1
185901-- 1
18590102 1
18590104 1
18590105 1
18590106 1
18590107 1
18590108 1
18590109 1
18590110 1
18590111 1
18590112 1
18590113 1
18590114 1
18590115 1
18590116 1
18590117 1
18590118 1
18590119 1
18590120 1
18590121 1
18590122 1
18590123 1
18590124 1
185902-- 1
18590200 1
18590206 1
18590207 1
18590209 1
185903-- 1
18590301 1
18590302 1
18590307 1
18590308 1
18590309 1
18590310 1
18590311 1
18590312 1
18590313 1
18590314 1
18590315 1
18590316 1
18590317 1
18590318 1
18590319 1
185904-- 1
18590405 1
18590406 1
18590407 1
18590408 1
18590410 1
18590411 1
18590412 1
18590413 1
18590414 1
18590415 1
18590416 1
18590417 1
18590418 1
1876---- 1
187600-- 1
18760000 1
18760001 1
18760002 1
18760004 1
18760005 1
18760006 1
18760007 1
18760008 1
18760009 1
187601-- 1
18760100 1
18760101 1
18760102 1
18760103 1
18760104 1
18760105 1
187602-- 1
18760200 1
18760201 1
18760202 1
18760203 1
18760204 1
18760207 1
18760208 1
18760209 1
187603-- 1
18760300 1
18760301 1
18760302 1
18760303 1
18760304 1
18760305 1
18760306 1
18760307 1
18760308 1
18760309 1
18760310 1
187604-- 1
18760400 1
18760401 1
18760402 1
18760403 1
18760404 1
18760405 1
18760406 1
18760407 1
18760408 1
18760409 1
18760410 1
1883---- 1
188300-- 1
18830001 1
18830008 1
188301-- 1
18830100 1
18830101 1
18830102 1
18830103 1
18830109 1
188302-- 1
18830200 1
18830201 1
18830202 1
18830203 1
18830204 1
18830205 1
18830208 1
18830209 1
188303-- 1
18830300 1
18830301 1
188304-- 1
18830400 1
18830401 1
18830402 1
188305-- 1
18830501 1
18830502 1
18830503 1
18830504 1
18830505 1
18830506 1
18830507 1
188306-- 1
18830601 1
18830602 1
18830603 1
18830604 1
18830606 1
18830607 1
18830609 1
188307-- 1
18830700 1
18830701 1
18830702 1
1884---- 1
188400-- 1
18840000 1
18840001 1
18840002 1
18840003 1
18840004 1
188401-- 1
18840101 1
18840102 1
18840104 1
18840105 1
18840107 1
18840109 1
188402-- 1
18840200 1
18840201 1
18840202 1
18840203 1
18840207 1
18840208 1
18840209 1
188403-- 1
18840300 1
18840309 1
188404-- 1
18840400 1
18840402 1
18840404 1
18840405 1
18840407 1
18840408 1
18840409 1
1891---- 1
189100-- 1
18910000 1
18910001 1
18910002 1
18910008 1
18910009 1
189101-- 1
18910100 1
18910101 1
18910108 1
18910109 1
189102-- 1
18910200 1
18910201 1
18910202 1
18910208 1
18910209 1
189103-- 1
18910300 1
18910301 1
18910309 1
1892---- 1
189201-- 1
18920101 1
18920102 1
18920103 1
18920104 1
18920105 1
18920106 1
18920107 1
18920191 1
189202-- 1
18920201 1
18920202 1
18920203 1
18920204 1
18920205 1
18920206 1
18920207 1
18920208 1
18920209 1
18920210 1
18920211 1
18920291 1
18920292 1
18920293 1
189203-- 1
18920301 1
18920302 1
18920303 1
18920304 1
18920305 1
18920306 1
18920307 1
18920308 1
18920309 1
18920310 1
18920311 1
18920399 1
189204-- 1
18920401 1
18920402 1
18920403 1
18920404 1
18920405 1
18920406 1
18920407 1
18920408 1
18920409 1
18920410 1
18920411 1
18920412 1
18920413 1
18920414 1
18920415 1
18920416 1
18920491 1
18920492 1
18920493 1
1894---- 1
189401-- 1
18940101 1
18940102 1
18940103 1
18940104 1
18940105 1
18940106 1
18940107 1
18940108 1
189402-- 1
18940201 1
18940202 1
18940204 1
18940208 1
189403-- 1
18940301 1
18940302 1
18940303 1
18940304 1
18940305 1
18940306 1
18940307 1
189404-- 1
18940401 1
18940402 1
18940403 1
18940404 1
18940406 1
18940408 1
18940409 1
189405-- 1
18940501 1
18940502 1
18940503 1
18940504 1
18940506 1
18940507 1
18940508 1
18940509 1
189406-- 1
18940601 1
18940602 1
189407-- 1
18940701 1
18940702 1
189408-- 1
18940801 1
18940802 1
18940803 1
18940804 1
18940805 1
189409-- 1
18940901 1
18940902 1
18940903 1
18940904 1
189410-- 1
18941001 1
18941002 1
189411-- 1
18941101 1
18941102 1
18941103 1
18941104 1
1895---- 1
189500-- 1
18950000 1
18950001 1
18950002 1
18950003 1
18950004 1
18950005 1
18950006 1
18950007 1
18950008 1
18950009 1
189501-- 1
18950100 1
18950101 1
18950102 1
18950103 1
18950104 1
189502-- 1
18950200 1
18950209 1
189503-- 1
18950300 1
18950301 1
18950302 1
18950309 1
189504-- 1
18950400 1
189505-- 1
18950500 1
18950501 1
18950502 1
189506-- 1
18950600 1
18950601 1
18950602 1
18950603 1
18950604 1
18950605 1
189507-- 1
18950700 1
18950708 1
18950709 1
189508-- 1
18950800 1
18950801 1
18950802 1
18950803 1
18950809 1
189509-- 1
18950900 1
18950901 1
18950902 1
18950903 1
18950904 1
18950905 1
18950907 1
18950909 1
189510-- 1
18951000 1
18951001 1
18951009 1
1896---- 1
189600-- 1
18960000 1
18960001 1
18960008 1
18960009 1
18960010 1
18960011 1
18960012 1
18960013 1
18960014 1
189601-- 1
18960100 1
18960101 1
18960108 1
18960109 1
189602-- 1
18960200 1
18960201 1
18960202 1
18960203 1
18960204 1
18960205 1
18960206 1
18960207 1
189603-- 1
18960307 1
18960310 1
189604-- 1
18960400 1
18960402 1
18960403 1
18960404 1
18960405 1
18960406 1
18960407 1
18960408 1
18960409 1
18960410 1
189605-- 1
18960500 1
1900---- 1
190000-- 1
19000000 1
19000001 1
19000002 1
19000003 1
19000004 1
19000009 1
190001-- 1
19000101 1
19000102 1
19000103 1
19000104 1
19000105 1
19000106 1
19000107 1
19000108 1
19000109 1
19000110 1
19000111 1
19000112 1
19000113 1
19000114 1
19000115 1
19000116 1
19000117 1
19000118 1
19000119 1
19000120 1
190002-- 1
19000200 1
19000201 1
19000202 1
19000208 1
19000209 1
190003-- 1
19000300 1
19000301 1
19000302 1
19000308 1
19000309 1
190004-- 1
19000400 1
19000401 1
19000402 1
19000403 1
19000408 1
19000409 1
190005-- 1
19000500 1
19000501 1
19000502 1
19000503 1
190006-- 1
19000600 1
19000602 1
19000603 1
19000607 1
19000608 1
19000609 1
190007-- 1
19000700 1
19000701 1
19000702 1
19000706 1
19000707 1
19000708 1
190008-- 1
19000800 1
19000801 1
19000802 1
19000804 1
19000808 1
19000809 1
190009-- 1
19000900 1
19000901 1
19000902 1
19000903 1
19000904 1
19000905 1
19000906 1
19000907 1
19000908 1
19000909 1
190010-- 1
19001000 1
19001001 1
19001002 1
19001003 1
19001007 1
19001008 1
190011-- 1
19001100 1
19001101 1
19001108 1
19001109 1
190012-- 1
19001200 1
19001201 1
19001202 1
19001203 1
19001204 1
19001208 1
19001209 1
190013-- 1
19001300 1
19001301 1
19001302 1
19001303 1
19001306 1
19001307 1
19001308 1
19001309 1
190014-- 1
19001400 1
19001401 1
19001402 1
19001403 1
19001404 1
19001405 1
19001406 1
19001407 1
19001408 1
19001409 1
190015-- 1
19001500 1
19001501 1
19001502 1
19001503 1
19001509 1
190016-- 1
19001600 1
19001601 1
19001602 1
19001603 1
19001604 1
19001606 1
19001607 1
19001608 1
190017-- 1
19001700 1
19001709 1
190018-- 1
19001800 1
19001801 1
19001802 1
19001803 1
19001804 1
19001808 1
19001809 1
190019-- 1
19001900 1
19001901 1
19001902 1
19001903 1
19001904 1
190020-- 1
19002001 1
19002002 1
19002003 1
19002004 1
19002005 1
19002006 1
19002007 1
19002008 1
19002009 1
19002010 1
19002011 1
19002012 1
19002013 1
19002014 1
19002015 1
19002016 1
19002017 1
19002018 1
19002019 1
1901---- 1
190101-- 1
19010101 1
19010102 1
19010103 1
19010104 1
19010105 1
19010106 1
190102-- 1
19010201 1
19010202 1
19010203 1
19010204 1
19010205 1
19010206 1
19010207 1
19010209 1
19010210 1
19010211 1
19010212 1
19010213 1
19010214 1
19010215 1
19010216 1
19010217 1
19010218 1
19010219 1
19010220 1
190103-- 1
19010301 1
19010302 1
190104-- 1
19010401 1
19010402 1
19010403 1
19010404 1
19010405 1
190105-- 1
19010501 1
19010502 1
19010503 1
19010504 1
19010505 1
19010506 1
19010507 1
19010508 1
19010509 1
19010510 1
19010511 1
19010512 1
19010513 1
19010514 1
19010515 1
190106-- 1
19010601 1
19010602 1
19010603 1
19010604 1
190107-- 1
19010701 1
19010702 1
19010703 1
1903---- 1
190300-- 1
19030000 1
19030001 1
19030002 1
19030003 1
19030004 1
19030005 1
19030009 1
190301-- 1
19030100 1
19030101 1
190302-- 1
19030200 1
19030201 1
19030202 1
19030203 1
19030204 1
19030205 1
190303-- 1
19030300 1
19030301 1
19030302 1
19030303 1
19030304 1
19030309 1
190304-- 1
19030400 1
19030401 1
19030402 1
19030403 1
19030404 1
19030409 1
190305-- 1
19030500 1
19030501 1
19030502 1
19030503 1
19030504 1
19030505 1
19030509 1
1904---- 1
190401-- 1
19040101 1
19040102 1
19040103 1
19040104 1
19040105 1
19040106 1
19040107 1
19040108 1
19040109 1
19040110 1
19040111 1
19040112 1
19040113 1
19040114 1
19040115 1
19040116 1
19040117 1
19040118 1
19040119 1
190402-- 1
19040201 1
19040202 1
19040203 1
19040204 1
19040205 1
19040206 1
19040207 1
19040208 1
19040209 1
19040210 1
19040211 1
19040212 1
19040213 1
19040214 1
19040215 1
19040216 1
190403-- 1
19040301 1
19040302 1
19040303 1
19040304 1
19040305 1
19040306 1
19040307 1
19040308 1
19040309 1
19040310 1
19040311 1
19040312 1
190404-- 1
19040401 1
19040402 1
190405-- 1
19040501 1
19040502 1
19040503 1
19040504 1
19040505 1
19040506 1
19040507 1
19040508 1
19040509 1
190406-- 1
19040601 1
19040602 1
19040603 1
19040604 1
190407-- 1
19040701 1
19040702 1
19040703 1
190408-- 1
19040801 1
19040802 1
19040803 1
19040804 1
19040805 1
190409-- 1
19040901 1
19040902 1
19040903 1
19040904 1
19040905 1
19040906 1
19040907 1
190410-- 1
19041001 1
19041002 1
19041003 1
19041004 1
190411-- 1
19041101 1
190412-- 1
19041201 1
19041202 1
19041203 1
19041204 1
19041205 1
19041206 1
19041207 1
19041208 1
19041209 1
19041210 1
19041211 1
19041212 1
19041213 1
19041214 1
19041215 1
1911---- 1
191101-- 1
19110101 1
19110102 1
19110103 1
19110104 1
19110105 1
19110106 1
19110107 1
19110108 1
19110180 1
19110190 1
19110191 1
191102-- 1
19110201 1
19110202 1
19110290 1
191103-- 1
19110301 1
19110302 1
19110390 1
191104-- 3
19110401 1
19110402 1
19110490 3
191105-- 3
19110501 1
19110502 1
19110503 1
19110504 1
19110590 3
191106-- 1
19110601 1
19110602 1
19110690 1
191107-- 1
19110701 1
19110702 1
19110703 1
19110704 1
19110705 1
19110780 1
19110790 1
191108-- 1
19110801 1
191109-- 1
19110901 1
19110990 1
191110-- 1
19111001 1
19111002 1
19111080 3
19111081 1
19111090 3
191111-- 1
19111101 1
19111190 1
191112-- 1
19111201 1
19111290 1
191113-- 1
19111301 1
19111390 1
191114-- 1
19111401 1
19111490 1
191115-- 1
19111501 1
19111502 1
19111503 1
19111504 1
19111580 1
19111590 1
191116-- 1
19111601 1
19111602 1
19111690 1
191117-- 1
19111701 1
19111702 1
19111790 1
191118-- 1
19111801 1
19111890 1
191119-- 1
19111901 1
19111990 1
1916---- 1
191601-- 1
19160100 1
19160101 1
19160102 1
19160103 1
19160104 1
191602-- 1
19160200 1
19160201 1
191603-- 1
19160300 1
19160301 1
19160302 1
191604-- 1
19160400 1
19160401 1
191605-- 1
19160500 1
19160501 1
19160502 1
19160503 1
19160504 1
191606-- 1
19160600 1
19160601 1
19160602 1
191607-- 1
19160700 1
19160701 1
19160702 1
19160703 1
19160704 1
191608-- 1
19160800 1
19160801 1
19160802 1
19160803 1
19160804 1
191609-- 1
19160900 1
19160901 1
19160902 1
191610-- 1
19161000 1
19161001 1
19161002 1
191611-- 1
19161100 1
19161101 1
191612-- 1
19161200 1
19161201 1
19161202 1
191613-- 1
19161300 1
19161301 1
1924---- 1
192400-- 1
19240001 1
19240002 1
19240003 1
192401-- 1
19240101 1
19240102 1
19240103 1
19240104 1
19240105 1
19240106 1
19240107 1
19240108 1
19240109 1
192402-- 1
19240201 1
19240202 1
19240203 1
19240204 1
19240205 1
192403-- 1
19240301 1
19240302 1
19240303 1
19240304 1
19240305 1
19240306 1
19240307 1
192404-- 1
19240401 1
19240402 1
19240403 1
192405-- 1
19240501 1
19240502 1
192406-- 1
19240601 1
19240602 1
19240603 1
19240604 1
19240605 1
19240606 1
192407-- 1
19240701 1
19240702 1
19240703 1
19240704 1
19240705 1
192408-- 1
19240801 1
19240802 1
192409-- 1
19240901 1
19240902 1
19240903 1
192410-- 1
19241001 1
19241002 1
19241003 1
19241004 1
19241005 1
19241006 1
192411-- 1
19241101 1
19241102 1
19241103 1
192412-- 1
19241201 1
19241202 1
192413-- 1
19241301 1
19241302 1
1926---- 1
192601-- 1
19260101 1
19260102 1
19260103 1
19260104 1
19260105 1
19260106 1
19260107 1
19260108 1
19260109 1
19260110 1
19260111 1
19260112 1
19260113 1
19260114 1
19260115 1
19260116 1
192602-- 1
19260221 1
19260222 1
19260223 1
19260224 1
19260225 1
19260226 1
19260227 1
19260231 1
19260232 1
192603-- 1
19260341 1
19260342 1
19260343 1
19260344 1
19260351 1
19260352 1
19260353 1
1930---- 1
193001-- 1
19300101 1
19300102 1
19300103 1
19300104 1
19300105 1
19300106 1
193002-- 1
19300201 1
19300202 1
193003-- 1
19300301 1
19300302 1
193004-- 1
19300401 1
193005-- 1
19300501 1
19300502 1
19300503 1
19300504 1
193006-- 1
19300601 1
19300602 1
19300603 1
193007-- 1
19300701 1
19300702 1
19300703 1
193008-- 1
19300801 1
19300802 1
19300803 1
19300804 1
19300805 1
193009-- 1
19300901 1
19300902 1
19300903 1
19300904 1
19300905 1
193010-- 1
19301001 1
19301002 1
19301003 1
19301004 1
193011-- 1
19301101 1
19301102 1
193012-- 1
19301201 1
19301202 1
19301203 1
19301204 1
19301205 1
19301206 1
193013-- 1
19301301 1
193014-- 1
19301401 1
19301402 1
19301403 1
19301404 1
19301405 1
19301406 1
19301407 1
19301408 1
19301409 1
19301410 1
19301411 1
193015-- 1
19301501 1
19301502 1
19301503 1
19301504 1
19301505 1
19301506 1
193016-- 1
19301601 1
193017-- 1
19301701 1
19301702 1
19301703 1
19301704 1
19301705 1
19301706 1
19301707 1
19301708 1
193025-- 1
19302501 1
19302502 1
19302503 1
19302504 1
193027-- 1
19302701 1
19302702 1
19302703 1
193029-- 1
19302901 1
19302902 1
193031-- 1
19303101 1
19303102 1
19303103 1
19303104 1
19303105 1
193033-- 1
19303301 1
19303302 1
193050-- 1
19305001 1
19305002 1
19305003 1
1931---- 1
193100-- 1
19310000 1
19310001 1
19310002 1
19310003 1
19310004 1
19310005 1
19310006 1
19310007 1
19310008 1
19310009 1
19310010 1
19310011 1
193101-- 1
19310100 1
19310101 1
19310102 1
19310103 1
19310104 1
19310105 1
19310106 1
19310107 1
19310108 1
19310109 1
193102-- 1
19310200 1
19310208 1
19310209 1
193103-- 1
19310300 1
193104-- 1
19310400 1
19310401 1
19310402 1
19310403 1
19310404 1
19310409 1
193105-- 1
19310500 1
19310501 1
19310502 1
19310503 1
19310504 1
193106-- 1
19310600 1
193107-- 1
19310700 1
19310701 1
193108-- 1
19310800 1
19310801 1
19310802 1
19310803 1
19310804 1
19310805 1
19310806 1
19310807 1
19310808 1
19310809 1
19310810 1
193110-- 1
19311000 1
19311001 1
19311002 1
19311003 1
19311004 1
19311005 1
19311006 1
19311007 1
19311008 1
193111-- 1
19311100 1
19311101 1
193112-- 1
19311200 1
19311201 1
19311202 1
19311203 1
19311204 1
19311205 1
1940---- 1
194001-- 1
19400101 1
194002-- 1
19400201 1
194003-- 1
19400301 1
194004-- 1
19400401 1
194005-- 1
19400501 1
194006-- 1
19400601 1
194007-- 1
19400701 1
19400702 1
194008-- 1
19400801 1
194009-- 1
19400901 1
194010-- 1
19401001 1
194011-- 1
19401101 1
19401102 1
194012-- 1
19401201 1
194013-- 1
19401301 1
194014-- 1
19401401 1
194015-- 1
19401501 1
194016-- 1
19401601 1
194017-- 1
19401701 1
194018-- 1
19401801 1
194019-- 1
19401901 1
19401902 1
19401903 1
19401904 1
19401905 1
19401906 1
19401907 1
19401908 1
19401909 1
19401910 1
194020-- 1
19402001 1
194021-- 1
19402101 1
194022-- 1
19402201 1
194023-- 1
19402301 1
19402302 1
19402303 1
19402304 1
19402305 1
19402306 1
19402307 1
19402308 1
194024-- 1
19402401 1
194025-- 1
19402501 1
194026-- 1
19402601 1
194027-- 1
19402701 1
194028-- 1
19402801 1
19402802 1
194029-- 1
19402901 1
194030-- 1
19403001 1
194031-- 1
19403101 1
194032-- 1
19403201 1
194033-- 1
19403301 1
194034-- 1
19403401 1
194035-- 1
19403501 1
194036-- 1
19403601 1
194037-- 1
19403701 1
194038-- 1
19403801 1
194039-- 1
19403901 1
194040-- 1
19404001 1
194041-- 1
19404101 1
194042-- 1
19404201 1
194043-- 1
19404301 1
194044-- 1
19404401 1
194045-- 1
19404501 1
194046-- 1
19404601 1
194047-- 1
19404701 1
194048-- 1
19404801 1
194049-- 1
19404901 1
194050-- 1
19405001 1
194051-- 1
19405101 1
1942---- 1
194200-- 1
19420000 1
19420001 1
19420002 1
19420003 1
19420004 1
19420005 1
19420006 1
19420007 1
19420008 1
194201-- 1
19420100 1
19420101 1
19420102 1
19420103 1
19420104 1
194202-- 1
19420200 1
19420201 1
19420202 1
19420203 1
19420204 1
19420205 1
19420206 1
19420207 1
19420208 1
19420209 1
194203-- 1
19420300 1
19420301 1
19420302 1
19420303 1
19420304 1
19420305 1
19420306 1
194204-- 1
19420400 1
19420401 1
19420402 1
19420403 1
19420404 1
19420408 1
19420409 1
19420410 1
194205-- 1
19420501 1
19420502 1
19420503 1
19420504 1
19420506 1
19420507 1
19420508 1
19420509 1
19420510 1
19420511 1
19420512 1
19420513 1
19420515 1
19420555 1
19420565 1
19420575 1
19420585 1
1945---- 1
194500-- 1
19450000 1
19450001 1
19450002 1
19450003 1
194501-- 1
19450100 1
19450101 1
19450102 1
194502-- 1
19450200 1
19450201 1
194503-- 1
19450300 1
19450301 1
194504-- 1
19450400 1
194505-- 1
19450500 1
19450501 1
19450502 1
19450503 1
19450504 1
19450505 1
19450506 1
19450507 1
19450508 1
19450509 1
19450510 1
19450511 1
194506-- 1
19450600 1
19450601 1
194507-- 1
19450700 1
19450701 1
194508-- 1
19450800 1
19450801 1
19450802 1
194509-- 1
19450900 1
19450901 1
19450902 1
19450903 1
19450904 1
194510-- 1
19451000 1
19451001 1
19451002 1
194511-- 1
19451100 1
194512-- 1
19451200 1
1948---- 1
194801-- 1
19480101 1
19480102 1
19480103 1
19480104 1
19480105 1
19480106 1
19480107 1
19480108 1
19480109 1
19480110 1
19480111 1
19480112 1
19480113 1
194802-- 1
19480201 1
19480202 1
19480203 1
19480204 1
19480205 1
19480206 1
19480207 1
19480208 1
19480209 1
19480210 1
19480211 1
19480212 1
19480213 1
19480214 1
19480215 1
19480216 1
19480217 1
19480218 1
19480219 1
19480220 1
19480221 1
19480222 1
19480223 1
19480224 1
19480225 1
19480226 1
19480227 1
19480228 1
19480229 1
194803-- 1
19480301 1
19480302 1
19480303 1
19480304 1
19480305 1
19480306 1
19480307 1
19480308 1
19480309 1
19480310 1
19480311 1
19480312 1
19480313 1
19480314 1
19480315 1
19480316 1
19480317 1
19480318 1
194804-- 1
19480401 1
19480402 1
19480403 1
19480404 1
19480405 1
19480406 1
19480407 1
19480408 1
19480409 1
19480410 1
19480411 1
19480412 1
19480413 1
19480414 1
19480415 1
19480416 1
19480417 1
19480418 1
19480419 1
19480420 1
19480421 1
19480422 1
19480423 1
19480424 1
19480425 1
19480426 1
19480427 1
19480428 1
19480429 1
19480430 1
19480431 1
19480432 1
19480433 1
1949---- 1
194915-- 1
19491500 1
19491501 1
194916-- 1
19491600 1
19491601 1
19491602 1
19491603 1
19491604 1
19491605 1
19491606 1
194917-- 1
19491700 1
194918-- 1
19491800 1
19491801 1
19491802 1
19491803 1
19491804 1
194919-- 1
19491900 1
19491901 1
194920-- 1
19492000 1
19492001 1
194921-- 1
19492100 1
194922-- 1
19492200 1
194923-- 1
19492300 1
19492301 1
194924-- 1
19492400 1
19492401 1
194925-- 1
19492500 1
19492501 1
194926-- 1
19492600 1
19492601 1
19492602 1
19492603 1
19492604 1
194927-- 1
19492700 1
194928-- 1
19492800 1
19492801 1
19492802 1
19492803 1
19492804 1
19492805 1
19492806 1
19492807 1
19492808 1
19492809 1
19492810 1
19492811 1
19492812 1
19492813 1
19492814 1
19492815 1
19492816 1
19492817 1
194929-- 1
19492900 1
194930-- 1
19493000 1
194931-- 1
19493100 1
19493101 1
194932-- 1
19493200 1
19493201 1
19493202 1
194933-- 1
19493300 1
194934-- 3
19493400 3
19493401 1
194935-- 1
19493500 1
19493501 1
19493502 1
19493503 1
194936-- 1
19493600 1
19493601 1
19493602 1
19493603 1
194937-- 1
19493700 1
194938-- 1
19493800 1
19493801 1
194939-- 1
19493900 1
19493901 1
194940-- 1
19494000 1
194941-- 1
19494100 1
194942-- 1
19494200 1
19494201 1
194943-- 1
19494300 1
194944-- 1
19494400 1
19494401 1
19494402 1
19494403 1
194945-- 1
19494500 1
194946-- 1
19494600 1
194947-- 1
19494700 1
19494701 1
194948-- 1
19494800 1
19494801 1
194949-- 1
19494900 1
19494901 1
19494902 1
194950-- 1
19495000 1
19495001 1
194951-- 1
19495100 1
194952-- 1
19495200 1
194953-- 1
19495300 1
19495301 1
19495302 1
194954-- 1
19495400 1
19495401 1
194955-- 1
19495500 1
1950---- 1
195000-- 1
19500000 1
19500001 1
19500002 1
19500004 1
19500005 1
19500006 1
19500007 1
19500008 1
19500009 1
195001-- 1
19500100 1
19500101 1
19500108 1
19500109 1
195002-- 1
19500200 1
19500201 1
19500202 1
19500203 1
19500204 1
19500206 1
19500207 1
19500208 1
19500209 1
195003-- 1
19500300 1
19500301 1
19500304 1
19500306 1
19500308 1
19500309 1
195004-- 1
19500400 1
19500401 1
19500402 1
19500403 1
19500404 1
19500409 1
195005-- 1
19500500 1
19500501 1
19500502 1
19500504 1
19500507 1
19500508 1
19500509 1
195006-- 1
19500600 1
19500601 1
19500602 1
19500609 1
195007-- 1
19500700 1
19500701 1
19500702 1
19500703 1
19500704 1
19500705 1
19500706 1
19500707 1
19500708 1
19500709 1
195008-- 1
19500808 1
19500809 1
195009-- 1
19500900 1
19500909 1
1952---- 1
195201-- 1
19520101 1
19520102 1
19520103 1
19520104 1
19520105 1
19520106 1
19520107 1
195202-- 1
19520201 1
19520202 1
19520203 1
19520204 1
19520205 1
19520206 1
19520207 1
19520208 1
19520209 1
19520210 1
195203-- 1
19520301 1
19520302 1
19520303 1
19520304 1
19520305 1
19520306 1
195204-- 1
19520401 1
19520402 1
19520403 1
19520404 1
19520405 1
19520406 1
19520407 1
19520408 1
19520409 1
195205-- 1
19520501 1
19520502 1
195206-- 1
19520601 1
19520602 1
19520603 1
19520604 1
195207-- 1
19520701 1
19520702 1
195208-- 1
19520801 1
19520802 1
19520803 1
19520804 1
19520805 1
195209-- 1
19520901 1
19520902 1
19520903 1
19520904 1
19520905 1
19520906 1
19520907 1
195210-- 1
19521001 1
19521002 1
19521003 1
19521004 1
195211-- 1
19521101 1
19521102 1
19521103 1
195212-- 1
19521201 1
19521202 1
19521203 1
195213-- 1
19521301 1
19521302 1
19521303 1
195214-- 1
19521401 1
19521402 1
195215-- 1
19521501 1
19521502 1
19521503 1
195216-- 1
19521601 1
19521602 1
19521603 1
19521604 1
195217-- 1
19521701 1
19521702 1
195218-- 1
19521801 1
19521802 1
19521803 1
19521804 1
19521805 1
19521806 1
195219-- 1
19521901 1
19521902 1
195220-- 1
19522001 1
19522002 1
19522003 1
19522004 1
19522005 1
195221-- 1
19522101 1
19522102 1
1954---- 1
195400-- 1
19540000 1
19540001 1
19540002 1
19540003 1
19540009 1
195401-- 1
19540100 1
19540101 1
19540102 1
19540103 1
19540104 1
195402-- 1
19540200 1
19540201 1
195403-- 1
19540300 1
19540301 1
19540302 1
195404-- 1
19540400 1
19540401 1
19540402 1
195405-- 1
19540500 1
19540501 1
19540502 1
19540503 1
19540504 1
19540505 1
19540509 1
195406-- 1
19540600 1
19540601 1
19540602 1
19540603 1
1955---- 1
195500-- 1
19550000 1
19550001 1
19550002 1
19550003 1
19550004 1
19550005 1
19550006 1
19550007 1
19550008 1
19550009 1
19550010 1
195501-- 1
19550100 1
19550101 1
19550102 1
19550106 1
19550107 1
19550108 1
19550109 1
195502-- 1
19550200 1
19550201 1
19550202 1
19550203 1
19550205 1
19550206 1
19550207 1
19550208 1
19550209 1
1959---- 1
195901-- 1
19590101 1
19590102 1
19590103 1
19590104 1
19590105 1
19590106 1
19590107 1
19590191 1
19590192 1
19590193 1
19590194 1
195902-- 1
19590201 1
19590202 1
19590291 1
195903-- 1
19590301 1
19590391 1
19590392 1
195904-- 1
19590401 1
19590402 1
19590491 1
19590492 1
195905-- 1
19590501 1
19590591 1
19590592 1
195906-- 1
19590601 1
19590602 1
19590603 1
19590691 1
195907-- 1
19590701 1
19590791 1
195908-- 1
19590801 1
19590891 1
195909-- 1
19590901 1
19590991 1
195910-- 1
19591001 1
19591002 1
19591091 1
195911-- 1
19591101 1
19591191 1
195912-- 1
19591201 1
19591202 1
19591203 1
19591291 1
19591292 1
195913-- 1
19591301 1
19591302 1
19591303 1
19591391 1
195914-- 1
19591401 1
19591402 1
19591403 1
19591491 1
19591492 1
195915-- 1
19591501 1
19591591 1
195916-- 1
19591601 1
19591691 1
195917-- 1
19591701 1
19591791 1
195918-- 1
19591801 1
19591891 1
195919-- 1
19591901 1
19591991 1
1960---- 1
196000-- 1
19600000 1
19600001 1
19600002 1
19600003 1
19600004 1
19600005 1
19600006 1
19600007 1
19600008 1
19600009 1
196001-- 1
19600100 1
19600101 1
19600102 1
19600103 1
19600106 1
19600107 1
19600108 1
19600109 1
196002-- 1
19600200 1
19600201 1
19600202 1
19600203 1
19600207 1
19600208 1
19600209 1
196003-- 1
19600300 1
19600301 1
19600308 1
19600309 1
196004-- 1
19600400 1
19600401 1
19600402 1
19600403 1
196005-- 1
19600500 1
19600501 1
19600502 1
19600507 1
19600508 1
19600509 1
196006-- 1
19600600 1
19600601 1
19600602 1
19600603 1
19600604 1
19600606 1
19600607 1
19600608 1
19600609 1
196007-- 1
19600700 1
19600701 1
19600702 1
19600707 1
19600708 1
19600709 1
196008-- 1
19600800 1
19600801 1
19600802 1
19600809 1
196009-- 1
19600900 1
19600901 1
19600902 1
19600909 1
196010-- 1
19601000 1
19601009 1
196011-- 1
19601100 1
19601109 1
1961---- 1
196101-- 1
19610101 1
196102-- 1
19610201 1
19610202 1
196103-- 1
19610301 1
19610302 1
19610303 1
196104-- 1
19610401 1
19610402 1
19610403 1
196105-- 1
19610501 1
19610502 1
19610503 1
19610504 1
196106-- 1
19610601 1
19610602 1
196107-- 1
19610701 1
196108-- 1
19610801 1
19610802 1
19610803 1
196109-- 1
19610901 1
196110-- 1
19611001 1
19611002 1
19611003 1
196111-- 1
19611101 1
196112-- 1
19611201 1
19611202 1
19611203 1
196113-- 1
19611301 1
196114-- 1
19611401 1
196115-- 1
19611501 1
196116-- 1
19611601 1
196117-- 1
19611701 1
196118-- 1
19611801 1
196119-- 1
19611901 1
19611902 1
19611903 1
19611904 1
19611905 1
196120-- 1
19612001 1
19612002 1
19612003 1
196121-- 1
19612101 1
19612102 1
19612103 1
19612104 1
19612105 1
19612106 1
196122-- 1
19612201 1
19612202 1
19612203 1
19612204 1
19612205 1
196123-- 1
19612301 1
19612302 1
196124-- 1
19612401 1
19612402 1
19612403 1
19612404 1
19612405 1
19612406 1
19612407 1
19612408 1
196125-- 1
19612501 1
19612502 1
19612503 1
19612504 1
19612505 1
196126-- 1
19612601 1
19612602 1
196127-- 1
19612701 1
19612702 1
19612703 1
196128-- 1
19612801 1
196129-- 1
19612901 1
196130-- 1
19613001 1
196131-- 1
19613101 1
196132-- 1
19613201 1
196133-- 1
19613301 1
196134-- 1
19613401 1
196135-- 1
19613501 1
19613502 1
19613503 1
196136-- 1
19613601 1
19613602 1
19613603 1
196137-- 1
19613701 1
196138-- 1
19613801 1
196139-- 1
19613901 1
1963---- 1
196300-- 1
19630000 1
19630001 1
19630002 1
19630003 1
19630004 1
19630005 1
19630006 1
19630007 1
19630050 1
19630051 1
19630099 1
196301-- 1
19630100 1
19630150 1
19630199 1
196302-- 1
19630200 1
19630299 1
196303-- 1
19630300 1
19630399 1
196304-- 1
19630400 3
19630499 3
196305-- 1
19630500 1
19630599 1
196306-- 1
19630600 1
19630650 1
19630699 1
196307-- 1
19630700 1
19630750 1
19630799 1
196308-- 1
19630800 1
19630899 1
196309-- 1
19630900 3
19630950 1
19630999 3
196310-- 1
19631000 1
19631099 1
196311-- 1
19631100 1
19631199 1
196312-- 1
19631200 1
19631299 1
196313-- 1
19631300 1
19631399 1
1966---- 1
196601-- 1
19660101 1
19660102 1
19660103 1
19660104 1
19660105 1
19660106 1
196602-- 1
19660201 1
19660202 1
19660203 1
19660204 1
19660205 1
19660206 1
19660207 1
196603-- 1
19660301 1
19660302 1
19660303 1
19660304 1
19660305 1
196604-- 1
19660401 1
19660402 1
19660403 1
19660404 1
196605-- 1
19660501 1
19660502 1
19660503 1
196606-- 1
19660601 1
19660602 1
19660603 1
19660604 1
19660605 1
19660606 1
196607-- 1
19660701 1
19660702 1
19660703 1
19660704 1
196608-- 1
19660801 1
19660802 1
19660803 1
19660804 1
19660805 1
19660806 1
19660807 1
19660808 1
19660809 1
19660810 1
196609-- 1
19660901 1
19660902 1
196610-- 1
19661001 1
19661002 1
19661003 1
196611-- 1
19661101 1
19661102 1
196612-- 1
19661201 1
19661202 1
19661203 1
19661204 1
19661205 1
196613-- 1
19661301 1
19661302 1
19661303 1
19661304 1
19661305 1
196614-- 1
19661401 1
1969---- 1
196900-- 1
19690000 1
19690001 1
19690002 1
19690006 1
19690007 1
19690008 1
19690009 1
196901-- 1
19690100 1
19690109 1
196902-- 1
19690200 1
19690201 1
19690202 1
19690209 1
196903-- 1
19690300 1
19690301 1
19690309 1
196904-- 1
19690401 1
19690402 1
19690403 1
19690404 1
19690408 1
19690409 1
196905-- 1
19690500 1
19690501 1
19690502 1
19690503 1
19690507 1
19690508 1
19690509 1
196906-- 1
19690600 1
19690601 1
19690609 1
196907-- 1
19690700 1
19690701 1
19690709 1
196908-- 1
19690800 1
19690809 1
196909-- 1
19690900 1
19690909 1
196910-- 1
19691000 1
19691009 1
196911-- 1
19691100 1
19691102 1
19691103 1
19691104 1
19691105 1
19691106 1
19691107 1
19691108 1
19691109 1
196912-- 1
19691200 1
19691201 1
19691202 1
19691204 1
19691208 1
19691209 1
196913-- 1
19691300 1
19691301 1
19691302 1
19691309 1
196914-- 1
19691400 1
19691401 1
19691402 1
19691403 1
19691409 1
196915-- 1
19691500 1
19691502 1
19691503 1
19691504 1
19691509 1
196916-- 1
19691600 1
19691601 1
19691603 1
19691604 1
19691608 1
19691609 1
196917-- 1
19691700 1
19691701 1
19691702 1
19691709 1
1970---- 1
197000-- 1
19700000 1
19700001 1
19700002 1
19700003 1
19700004 1
19700005 1
19700006 1
19700007 1
19700008 1
19700009 1
19700010 1
19700011 1
197001-- 1
19700100 1
19700101 1
19700102 1
19700103 1
19700104 1
19700105 1
19700107 1
19700108 1
19700109 1
197002-- 1
19700200 1
19700201 1
19700202 1
19700208 1
19700209 1
197003-- 1
19700300 1
19700301 1
19700302 1
19700303 1
19700307 1
19700308 1
19700309 1
197004-- 1
19700400 1
19700401 1
19700408 1
19700409 1
197005-- 1
19700500 1
19700501 1
19700502 1
19700503 1
19700506 1
19700507 1
19700508 1
19700509 1
197006-- 1
19700600 1
19700601 1
19700602 1
19700603 1
19700604 1
19700605 1
19700608 1
19700609 1
197007-- 1
19700700 1
19700701 1
19700702 1
19700703 1
19700708 1
19700709 1
197008-- 1
19700800 1
19700801 1
19700802 1
19700803 1
19700807 1
19700808 1
19700809 1
197009-- 1
19700900 1
19700909 1
197010-- 1
19701000 1
19701001 1
19701002 1
19701003 1
19701004 1
19701005 1
19701006 1
19701008 1
19701009 1
197011-- 1
19701100 1
19701109 1
197012-- 1
19701200 1
19701201 1
19701202 1
19701203 1
19701204 1
19701206 1
19701207 1
19701208 1
19701209 1
197013-- 1
19701300 1
19701301 1
19701302 1
19701308 1
19701309 1
197014-- 1
19701400 1
19701401 1
19701402 1
19701409 1
1978---- 1
197801-- 1
19780101 1
19780102 1
19780103 1
19780104 1
19780105 1
19780106 1
19780107 1
19780108 1
197802-- 1
19780201 1
19780202 1
19780203 1
19780204 1
19780205 1
19780206 1
197803-- 1
19780301 1
19780302 1
19780303 1
19780304 1
19780305 1
19780307 1
19780308 1
19780309 1
197804-- 1
19780401 1
19780402 1
19780403 1
19780404 1
19780405 1
19780406 1
19780407 1
19780408 1
19780409 1
19780410 1
197805-- 1
19780501 1
19780502 1
19780503 1
19780504 1
197806-- 1
19780601 1
19780602 1
19780603 1
19780604 1
19780605 1
19780607 1
19780608 1
19780609 1
19780610 1
197807-- 1
19780701 1
19780702 1
19780703 1
19780704 1
19780705 1
19780706 1
197808-- 1
19780801 1
19780802 1
19780803 1
19780804 1
197809-- 1
19780901 1
19780902 1
19780903 1
19780904 1
197810-- 1
19781001 1
19781002 1
19781003 1
19781004 1
197811-- 1
19781101 1
19781102 1
19781103 1
19781104 1
19781105 1
19781106 1
197812-- 1
19781201 1
19781202 1
19781203 1
19781204 1
19781205 1
19781206 1
19781207 1
197813-- 1
19781301 1
19781302 1
197814-- 1
19781401 1
19781402 1
19781403 1
19781405 1
19781406 1
19781407 1
19781408 1
19781409 1
197815-- 1
19781501 1
19781502 1
19781503 1
19781504 1
19781505 1
19781506 1
19781507 1
19781508 1
19781509 1
19781510 1
197816-- 1
19781601 1
19781602 1
19781603 1
19781604 1
19781605 1
197817-- 1
19781701 1
19781702 1
19781703 1
19781704 1
19781705 1
197818-- 1
19781801 1
19781802 1
19781803 1
197819-- 1
19781901 1
197820-- 1
19782001 1
19782002 1
19782003 1
19782004 1
1979---- 1
197901-- 1
19790101 1
197902-- 1
19790202 1
19790203 1
19790204 1
19790205 1
19790221 1
197903-- 1
19790306 1
19790307 1
19790308 1
19790309 1
197904-- 1
19790410 1
19790411 1
19790412 1
19790413 1
19790414 1
19790415 1
197905-- 1
19790518 1
19790519 1
19790520 1
197906-- 1
19790622 1
19790623 1
19790624 1
19790625 1
19790626 1
19790646 1
19790647 1
197907-- 1
19790727 1
19790728 1
19790730 1
19790733 1
19790734 1
19790735 1
19790736 1
19790737 1
19790738 1
19790739 1
197908-- 1
19790829 1
19790831 1
197909-- 1
19790932 1
19790940 1
19790941 1
19790942 1
19790943 1
19790944 1
19790945 1
19790948 1
197910-- 1
19791016 1
19791017 1
197911-- 1
19791149 1
19791150 1
19791151 1
197912-- 1
19791252 1
19791253 1
19791254 1
19791255 1
19791256 1
19791257 1
19791258 1
197913-- 1
19791359 1
19791360 1
19791361 1
19791362 1
19791363 1
19791364 1
197914-- 1
19791465 1
19791466 1
19791467 1
19791468 1
19791469 1
197915-- 1
19791570 1
19791571 1
19791572 1
197916-- 1
19791673 1
19791674 1
19791675 1
19791676 1
197917-- 1
19791777 1
19791778 1
19791779 1
19791780 1
197918-- 1
19791881 1
19791882 1
19791883 1
19791884 1
19791885 1
197919-- 1
19791986 1
19791987 1
19791988 1
19791989 1
19791990 1
19791991 1
19791992 1
1980---- 1
198001-- 1
19800101 1
19800102 1
19800103 1
19800104 1
19800105 1
198002-- 1
19800201 1
19800202 1
19800203 1
19800204 1
19800205 1
198003-- 1
19800301 1
19800302 1
19800303 1
19800304 1
19800305 1
19800306 1
198004-- 1
19800401 1
19800402 1
19800403 1
19800404 1
19800405 1
19800406 1
19800407 1
198005-- 1
19800501 1
19800502 1
19800503 1
198006-- 1
19800601 1
19800602 1
198010-- 1
19801001 1
198011-- 1
19801101 1
19801102 1
198012-- 1
19801201 1
198013-- 1
19801301 1
19801302 1
19801303 1
198014-- 1
19801401 1
19801402 1
198015-- 1
19801501 1
198016-- 1
19801601 1
198017-- 1
19801701 1
198018-- 1
19801801 1
19801802 1
19801803 1
198019-- 1
19801901 1
19801902 1
19801903 1
198020-- 1
19802001 1
19802002 1
19802003 1
19802004 1
19802005 1
198021-- 1
19802101 1
19802102 1
198022-- 1
19802201 1
19802202 1
198023-- 1
19802301 1
198024-- 1
19802401 1
19802402 1
19802403 1
198025-- 1
19802501 1
19802502 1
19802503 1
198026-- 1
19802601 1
19802602 1
198027-- 1
19802701 1
19802702 1
19802703 1
198028-- 1
19802801 1
19802802 1
1982---- 1
198201-- 1
19820101 1
19820103 1
19820105 1
19820107 1
19820109 1
19820111 1
19820113 1
198202-- 1
19820201 1
19820203 1
19820205 1
19820207 1
19820209 1
19820211 1
19820213 1
198203-- 1
19820301 1
19820303 1
19820305 1
198204-- 1
19820401 1
19820403 1
198205-- 1
19820501 1
19820503 1
198206-- 1
19820601 1
19820603 1
19820605 1
198207-- 1
19820701 1
19820703 1
198208-- 1
19820801 1
19820803 1
19820805 1
19820807 1
19820809 1
19820811 1
19820813 1
198209-- 1
19820901 1
19820903 1
198210-- 1
19821001 1
19821003 1
19821005 1
19821007 1
19821009 1
19821011 1
19821013 1
19821015 1
19821017 1
198211-- 1
19821101 1
19821103 1
198212-- 1
19821201 1
19821203 1
198213-- 1
19821301 1
19821303 1
19821305 1
198214-- 1
19821401 1
19821403 1
198215-- 1
19821501 1
19821503 1
198216-- 1
19821601 1
19821603 1
198217-- 1
19821701 1
19821703 1
19821705 1
198218-- 1
19821801 1
19821803 1
198219-- 1
19821901 1
19821903 1
198220-- 1
19822001 1
19822003 1
198221-- 1
19822101 1
19822103 1
198222-- 1
19822201 1
19822203 1
19822205 1
19822207 1
19822209 1
19822211 1
19822213 1
19822215 1
19822217 1
19822219 1
19822221 1
198223-- 1
19822301 1
19822303 1
198224-- 1
19822401 1
19822403 1
198225-- 1
19822501 1
19822503 1
198226-- 1
19822601 1
19822603 1
198227-- 1
19822701 1
19822703 1
198228-- 1
19822801 1
19822803 1
198229-- 1
19822901 1
19822903 1
198230-- 1
19823001 1
19823003 1
198231-- 1
19823101 1
19823103 1
198232-- 1
19823201 1
19823203 1
198233-- 1
19823301 1
19823303 1
1991---- 1
199101-- 1
19910101 1
19910102 1
19910103 1
19910104 1
19910105 1
19910106 1
19910107 1
19910108 1
19910109 1
19910110 1
19910111 1
19910112 1
19910113 1
19910114 1
19910115 1
19910116 1
19910117 1
19910196 1
19910197 1
19910198 1
19910199 1
199102-- 1
19910201 1
19910298 1
19910299 1
199103-- 1
19910301 1
19910399 1
199104-- 1
19910401 1
19910402 1
19910403 1
19910404 1
199105-- 1
19910501 1
19910502 1
199106-- 1
19910601 1
19910602 1
19910603 1
19910604 1
19910605 1
19910606 1
19910607 1
1992---- 1
199200-- 1
19920000 1
19920001 1
19920003 1
19920004 1
19920005 1
199201-- 1
19920100 1
19920101 1
19920102 1
19920103 1
19920104 1
19920105 1
19920106 1
19920107 1
199202-- 1
19920200 1
19920201 1
199203-- 1
19920300 1
19920301 1
19920302 1
19920303 1
199204-- 1
19920400 1
19920401 1
19920402 1
19920404 1
199205-- 1
19920500 1
19920502 1
19920503 1
19920504 1
19920505 1
199206-- 1
19920600 1
19920601 1
199207-- 1
19920700 1
19920701 1
199208-- 1
19920800 1
199209-- 1
19920900 1
19920901 1
19920902 1
199210-- 1
19921001 1
19921002 1
19921003 1
199220-- 1
19922000 1
19922001 1
19922002 1
19922003 1
19922004 1
19922005 1
19922009 1
199221-- 1
19922100 1
19922101 1
19922102 1
19922103 1
19922104 1
19922105 1
19922106 1
19922108 1
19922109 1
199230-- 1
19923000 1
19923001 1
19923002 1
19923003 1
19923004 1
19923005 1
19923006 1
19923009 1
199231-- 1
19923100 1
19923109 1
199232-- 1
19923200 1
19923201 1
19923202 1
19923209 1
199233-- 1
19923300 1
3001---- .
3002---- .
3003---- .
3004---- .
3005---- .
3006---- .
